Experiment UNIQID (PBM ID)	ME/HK	Plasmid ID	Gene ID	Date	QC	Notes	Data file name	PBM assay no
PBM13817	ME	pTH13911	KDM5B	2018-11-13	Reject		2018-11-13_252207110444_S02_R0_GA1_Cy5	13817
PBM13833	HK	pTH13911	KDM5B	2018-11-13	Reject		2018-11-13_252436510528_S02_R0_GA1_Cy5	13833
PBM13818	ME	pTH13912	ARID2	2018-11-13	Reject		2018-11-13_252207110444_S02_R0_GA2_Cy5	13818
PBM13834	HK	pTH13912	ARID2	2018-11-13	Reject		2018-11-13_252436510528_S02_R0_GA2_Cy5	13834
PBM13497	ME	pTH13913	AHCTF1	2018-08-23	Pass_matched_pair		2018-08-23_252207110425_S02_R0_GA1_Cy5	13497
PBM13513	HK	pTH13913	AHCTF1	2018-08-23	Pass_matched_pair		2018-08-23_252436510524_S02_R0_GA1_Cy5	13513
PBM13498	ME	pTH13914	AKNA	2018-08-23	Reject		2018-08-23_252207110425_S02_R0_GA2_Cy5	13498
PBM13514	HK	pTH13914	AKNA	2018-08-23	Reject		2018-08-23_252436510524_S02_R0_GA2_Cy5	13514
PBM13819	ME	pTH13915	AKNA	2018-11-13	Reject		2018-11-13_252207110444_S02_R0_GB1_Cy5	13819
PBM13835	HK	pTH13915	AKNA	2018-11-13	Reject		2018-11-13_252436510528_S02_R0_GB1_Cy5	13835
PBM13561	ME	pTH13916	DNTTIP1	2018-08-30	Reject		2018-08-30_252207110427_S02_R0_GA1_Cy5	13561
PBM13577	HK	pTH13916	DNTTIP1	2018-08-30	Reject		2018-08-30_252436510525_S02_R0_GA1_Cy5	13577
PBM13562	ME	pTH13917	DNTTIP1	2018-08-30	Reject		2018-08-30_252207110427_S02_R0_GA2_Cy5	13562
PBM13578	HK	pTH13917	DNTTIP1	2018-08-30	Reject		2018-08-30_252436510525_S02_R0_GA2_Cy5	13578
PBM13625	ME	pTH13918	GLYR1	2018-09-12	Reject		2018-09-12_252207110429_S02_R0_GA1_Cy5	13625
PBM13641	HK	pTH13918	GLYR1	2018-09-12	Passed		2018-09-12_252436510527_S02_R0_GA1_Cy5	13641
PBM13626	ME	pTH13919	GLYR1	2018-09-12	Pass_matched_pair		2018-09-12_252207110429_S02_R0_GA2_Cy5	13626
PBM14681	ME	pTH13919	GLYR1	2020-07-29	Backup_matched_pair		2020-07-29_252207110474_S02_R0_GA1_Cy5	14681
PBM13642	HK	pTH13919	GLYR1	2018-09-12	Backup_matched_pair		2018-09-12_252436510527_S02_R0_GA2_Cy5	13642
PBM14697	HK	pTH13919	GLYR1	2020-07-29	Pass_matched_pair		2020-07-29_252436510667_S02_R0_GA1_Cy5	14697
PBM13820	ME	pTH13920	PHF21A	2018-11-13	Pass_matched_pair		2018-11-13_252207110444_S02_R0_GB2_Cy5	13820
PBM13836	HK	pTH13920	PHF21A	2018-11-13	Pass_matched_pair		2018-11-13_252436510528_S02_R0_GB2_Cy5	13836
PBM13821	ME	pTH13922	SCML4	2018-11-13	Reject		2018-11-13_252207110444_S02_R0_GC1_Cy5	13821
PBM13837	HK	pTH13922	SCML4	2018-11-13	Reject		2018-11-13_252436510528_S02_R0_GC1_Cy5	13837
PBM13822	ME	pTH13923	SETBP1	2018-11-13	Pass_matched_pair		2018-11-13_252207110444_S02_R0_GC2_Cy5	13822
PBM13838	HK	pTH13923	SETBP1	2018-11-13	Pass_matched_pair		2018-11-13_252436510528_S02_R0_GC2_Cy5	13838
PBM13823	ME	pTH13924	SETBP1	2018-11-13	Reject		2018-11-13_252207110444_S02_R0_GD1_Cy5	13823
PBM13839	HK	pTH13924	SETBP1	2018-11-13	Reject		2018-11-13_252436510528_S02_R0_GD1_Cy5	13839
PBM13824	ME	pTH13925	SETBP1	2018-11-13	Pass_matched_pair		2018-11-13_252207110444_S02_R0_GD2_Cy5	13824
PBM13840	HK	pTH13925	SETBP1	2018-11-13	Pass_matched_pair		2018-11-13_252436510528_S02_R0_GD2_Cy5	13840
PBM13825	ME	pTH13926	C11orf95	2018-11-13	Pass_matched_pair		2018-11-13_252207110444_S02_R0_GE1_Cy5	13825
PBM13841	HK	pTH13926	C11orf95	2018-11-13	Pass_matched_pair		2018-11-13_252436510528_S02_R0_GE1_Cy5	13841
PBM13691	ME	pTH13927	FAM200B	2018-10-24	Pass_matched_pair		2018-10-24_252207110433_S02_R0_GB1_Cy5	13691
PBM13707	HK	pTH13927	FAM200B	2018-10-24	Pass_matched_pair		2018-10-24_252436510529_S02_R0_GB1_Cy5	13707
PBM13692	ME	pTH13928	SGSM2	2018-10-24	Reject		2018-10-24_252207110433_S02_R0_GB2_Cy5	13692
PBM13708	HK	pTH13928	SGSM2	2018-10-24	Reject		2018-10-24_252436510529_S02_R0_GB2_Cy5	13708
PBM13693	ME	pTH13929	ZBED2	2018-10-24	Pass_matched_pair		2018-10-24_252207110433_S02_R0_GC1_Cy5	13693
PBM13709	HK	pTH13929	ZBED2	2018-10-24	Pass_matched_pair		2018-10-24_252436510529_S02_R0_GC1_Cy5	13709
PBM13694	ME	pTH13930	ZBED3	2018-10-24	Reject		2018-10-24_252207110433_S02_R0_GC2_Cy5	13694
PBM13710	HK	pTH13930	ZBED3	2018-10-24	Reject		2018-10-24_252436510529_S02_R0_GC2_Cy5	13710
PBM13826	ME	pTH13931	ZBED4	2018-11-13	Pass_matched_pair		2018-11-13_252207110444_S02_R0_GE2_Cy5	13826
PBM13842	HK	pTH13931	ZBED4	2018-11-13	Reject		2018-11-13_252436510528_S02_R0_GE2_Cy5	13842
PBM13975	HK	pTH13931	ZBED4	2018-11-28	Pass_matched_pair		2018-11-28_252436510624_S02_R0_GH1_Cy5	13975
PBM13695	ME	pTH13932	ZBED5	2018-10-24	Pass_matched_pair		2018-10-24_252207110433_S02_R0_GD1_Cy5	13695
PBM13711	HK	pTH13932	ZBED5	2018-10-24	Pass_matched_pair		2018-10-24_252436510529_S02_R0_GD1_Cy5	13711
PBM13696	ME	pTH13933	ZBED9	2018-10-24	Pass_matched_pair		2018-10-24_252207110433_S02_R0_GD2_Cy5	13696
PBM13712	HK	pTH13933	ZBED9	2018-10-24	Pass_matched_pair		2018-10-24_252436510529_S02_R0_GD2_Cy5	13712
PBM13499	ME	pTH13934	BHLHA9	2018-08-23	Reject		2018-08-23_252207110425_S02_R0_GB1_Cy5	13499
PBM13515	HK	pTH13934	BHLHA9	2018-08-23	Reject		2018-08-23_252436510524_S02_R0_GB1_Cy5	13515
PBM13827	ME	pTH13935	NCOA1	2018-11-13	Reject		2018-11-13_252207110444_S02_R0_GF1_Cy5	13827
PBM13843	HK	pTH13935	NCOA1	2018-11-13	Reject		2018-11-13_252436510528_S02_R0_GF1_Cy5	13843
PBM13828	ME	pTH13936	NCOA2	2018-11-13	Reject		2018-11-13_252207110444_S02_R0_GF2_Cy5	13828
PBM13844	HK	pTH13936	NCOA2	2018-11-13	Reject		2018-11-13_252436510528_S02_R0_GF2_Cy5	13844
PBM13829	ME	pTH13937	NCOA3	2018-11-13	Reject		2018-11-13_252207110444_S02_R0_GG1_Cy5	13829
PBM13845	HK	pTH13937	NCOA3	2018-11-13	Reject		2018-11-13_252436510528_S02_R0_GG1_Cy5	13845
PBM13830	ME	pTH13938	SOHLH1	2018-11-13	Reject		2018-11-13_252207110444_S02_R0_GG2_Cy5	13830
PBM13846	HK	pTH13938	SOHLH1	2018-11-13	Reject		2018-11-13_252436510528_S02_R0_GG2_Cy5	13846
PBM13831	ME	pTH13939	SOHLH1	2018-11-13	Reject		2018-11-13_252207110444_S02_R0_GH1_Cy5	13831
PBM13847	HK	pTH13939	SOHLH1	2018-11-13	Reject		2018-11-13_252436510528_S02_R0_GH1_Cy5	13847
PBM13832	ME	pTH13940	USF3	2018-11-13	Pass_matched_pair		2018-11-13_252207110444_S02_R0_GH2_Cy5	13832
PBM13848	HK	pTH13940	USF3	2018-11-13	Pass_matched_pair		2018-11-13_252436510528_S02_R0_GH2_Cy5	13848
PBM13697	ME	pTH13941	POGK	2018-10-24	Reject		2018-10-24_252207110433_S02_R0_GE1_Cy5	13697
PBM13713	HK	pTH13941	POGK	2018-10-24	Reject		2018-10-24_252436510529_S02_R0_GE1_Cy5	13713
PBM13500	ME	pTH13942	BATF2	2018-08-23	Reject		2018-08-23_252207110425_S02_R0_GB2_Cy5	13500
PBM13516	HK	pTH13942	BATF2	2018-08-23	Reject		2018-08-23_252436510524_S02_R0_GB2_Cy5	13516
PBM13501	ME	pTH13943	BATF2	2018-08-23	Reject		2018-08-23_252207110425_S02_R0_GC1_Cy5	13501
PBM13517	HK	pTH13943	BATF2	2018-08-23	Reject		2018-08-23_252436510524_S02_R0_GC1_Cy5	13517
PBM13563	ME	pTH13944	CREB3L3	2018-08-30	Reject		2018-08-30_252207110427_S02_R0_GB1_Cy5	13563
PBM13579	HK	pTH13944	CREB3L3	2018-08-30	Reject		2018-08-30_252436510525_S02_R0_GB1_Cy5	13579
PBM13564	ME	pTH13945	CREB3L3	2018-08-30	Pass_matched_pair		2018-08-30_252207110427_S02_R0_GB2_Cy5	13564
PBM13580	HK	pTH13945	CREB3L3	2018-08-30	Pass_matched_pair		2018-08-30_252436510525_S02_R0_GB2_Cy5	13580
PBM13502	ME	pTH13946	AC008770	2018-08-23	Reject		2018-08-23_252207110425_S02_R0_GC2_Cy5	13502
PBM13518	HK	pTH13946	AC008770	2018-08-23	Reject		2018-08-23_252436510524_S02_R0_GC2_Cy5	13518
PBM13503	ME	pTH13947	AC008770	2018-08-23	Reject		2018-08-23_252207110425_S02_R0_GD1_Cy5	13503
PBM13519	HK	pTH13947	AC008770	2018-08-23	Reject		2018-08-23_252436510524_S02_R0_GD1_Cy5	13519
PBM13504	ME	pTH13949	AC092835	2018-08-23	Reject		2018-08-23_252207110425_S02_R0_GD2_Cy5	13504
PBM13520	HK	pTH13949	AC092835	2018-08-23	Reject		2018-08-23_252436510524_S02_R0_GD2_Cy5	13520
PBM13505	ME	pTH13950	AKAP8	2018-08-23	Reject		2018-08-23_252207110425_S02_R0_GE1_Cy5	13505
PBM13521	HK	pTH13950	AKAP8	2018-08-23	Reject		2018-08-23_252436510524_S02_R0_GE1_Cy5	13521
PBM13506	ME	pTH13951	AKAP8L	2018-08-23	Pass_matched_pair		2018-08-23_252207110425_S02_R0_GE2_Cy5	13506
PBM13522	HK	pTH13951	AKAP8L	2018-08-23	Pass_matched_pair		2018-08-23_252436510524_S02_R0_GE2_Cy5	13522
PBM13507	ME	pTH13952	ANKZF1	2018-08-23	Reject		2018-08-23_252207110425_S02_R0_GF1_Cy5	13507
PBM13523	HK	pTH13952	ANKZF1	2018-08-23	Reject		2018-08-23_252436510524_S02_R0_GF1_Cy5	13523
PBM13508	ME	pTH13953	ATMIN	2018-08-23	Reject		2018-08-23_252207110425_S02_R0_GF2_Cy5	13508
PBM13524	HK	pTH13953	ATMIN	2018-08-23	Reject		2018-08-23_252436510524_S02_R0_GF2_Cy5	13524
PBM13401	ME	pTH13956	CCDC17	2018-06-07	Reject		2018-06-07_252207110421_S02_R0_GA1_Cy5	13401
PBM13417	HK	pTH13956	CCDC17	2018-06-07	Reject		2018-06-07_252436510520_S02_R0_GA1_Cy5	13417
PBM13565	ME	pTH13957	CHAMP1	2018-08-30	Pass_matched_pair		2018-08-30_252207110427_S02_R0_GC1_Cy5	13565
PBM13581	HK	pTH13957	CHAMP1	2018-08-30	Pass_matched_pair		2018-08-30_252436510525_S02_R0_GC1_Cy5	13581
PBM13566	ME	pTH13958	CPXCR1	2018-08-30	Reject		2018-08-30_252207110427_S02_R0_GC2_Cy5	13566
PBM13582	HK	pTH13958	CPXCR1	2018-08-30	Reject		2018-08-30_252436510525_S02_R0_GC2_Cy5	13582
PBM13567	ME	pTH13959	CPXCR1	2018-08-30	Reject		2018-08-30_252207110427_S02_R0_GD1_Cy5	13567
PBM13583	HK	pTH13959	CPXCR1	2018-08-30	Reject		2018-08-30_252436510525_S02_R0_GD1_Cy5	13583
PBM13568	ME	pTH13960	DZIP1	2018-08-30	Reject		2018-08-30_252207110427_S02_R0_GD2_Cy5	13568
PBM13584	HK	pTH13960	DZIP1	2018-08-30	Reject		2018-08-30_252436510525_S02_R0_GD2_Cy5	13584
PBM13569	ME	pTH13961	EEA1	2018-08-30	Reject		2018-08-30_252207110427_S02_R0_GE1_Cy5	13569
PBM13585	HK	pTH13961	EEA1	2018-08-30	Reject		2018-08-30_252436510525_S02_R0_GE1_Cy5	13585
PBM13913	ME	pTH14204	MBNL2	2018-11-15	Pass_matched_pair		2018-11-15_252207110430_S02_R0_GA1_Cy5	13913
PBM13929	HK	pTH14204	MBNL2	2018-11-15	Pass_matched_pair		2018-11-15_252436510616_S02_R0_GA1_Cy5	13929
PBM13470	ME	pTH14206	ZC3H8	2018-07-25	Reject		2018-07-25_252207110424_S02_R0_GC2_Cy5	13470
PBM13958	ME	pTH14206	ZC3H8	2018-11-28	Reject		2018-11-28_252207110447_S02_R0_GG2_Cy5	13958
PBM13486	HK	pTH14206	ZC3H8	2018-07-25	Passed		2018-07-25_252436510523_S02_R0_GC2_Cy5	13486
PBM14453	HK	pTH14206	ZC3H8	2019-10-31	Passed		2019-10-31_252436510644_S02_R0_GG1_Cy5	14453
PBM13914	ME	pTH14207	ZGPAT	2018-11-15	Reject		2018-11-15_252207110430_S02_R0_GA2_Cy5	13914
PBM13930	HK	pTH14207	ZGPAT	2018-11-15	Reject		2018-11-15_252436510616_S02_R0_GA2_Cy5	13930
PBM13915	ME	pTH14208	ZGPAT	2018-11-15	Reject		2018-11-15_252207110430_S02_R0_GB1_Cy5	13915
PBM13931	HK	pTH14208	ZGPAT	2018-11-15	Reject		2018-11-15_252436510616_S02_R0_GB1_Cy5	13931
PBM13932	HK	pTH14209	JRK	2018-11-15	Passed		2018-11-15_252436510616_S02_R0_GB2_Cy5	13932
PBM13916	ME	pTH14209	JRK	2018-11-15	Reject		2018-11-15_252207110430_S02_R0_GB2_Cy5	13916
PBM14310	ME	pTH14209	JRK	2019-06-27	Reject		2019-06-27_252207110462_S02_R0_GG2_Cy5	14310
PBM13698	ME	pTH14210	JRK	2018-10-24	Pass_matched_pair		2018-10-24_252207110433_S02_R0_GE2_Cy5	13698
PBM13714	HK	pTH14210	JRK	2018-10-24	Pass_matched_pair		2018-10-24_252436510529_S02_R0_GE2_Cy5	13714
PBM13933	HK	pTH14211	TIGD3	2018-11-15	Passed		2018-11-15_252436510616_S02_R0_GC1_Cy5	13933
PBM13917	ME	pTH14211	TIGD3	2018-11-15	Reject		2018-11-15_252207110430_S02_R0_GC1_Cy5	13917
PBM14311	ME	pTH14211	TIGD3	2019-06-27	Reject		2019-06-27_252207110462_S01_R0_GH1_Cy5	14311
PBM14437	ME	pTH14211	TIGD3	2019-10-31	Reject		2019-10-31_252207110466_S02_R0_GG1_Cy5	14437
PBM13699	ME	pTH14212	TIGD3	2018-10-24	Pass_matched_pair		2018-10-24_252207110433_S02_R0_GF1_Cy5	13699
PBM13715	HK	pTH14212	TIGD3	2018-10-24	Pass_matched_pair		2018-10-24_252436510529_S02_R0_GF1_Cy5	13715
PBM13918	ME	pTH14213	TIGD4	2018-11-15	Reject		2018-11-15_252207110430_S02_R0_GC2_Cy5	13918
PBM13934	HK	pTH14213	TIGD4	2018-11-15	Reject		2018-11-15_252436510616_S02_R0_GC2_Cy5	13934
PBM13700	ME	pTH14214	TIGD4	2018-10-24	Reject		2018-10-24_252207110433_S02_R0_GF2_Cy5	13700
PBM13716	HK	pTH14214	TIGD4	2018-10-24	Reject		2018-10-24_252436510529_S02_R0_GF2_Cy5	13716
PBM13919	ME	pTH14216	TIGD7	2018-11-15	Pass_matched_pair		2018-11-15_252207110430_S02_R0_GD1_Cy5	13919
PBM13935	HK	pTH14216	TIGD7	2018-11-15	Pass_matched_pair		2018-11-15_252436510616_S02_R0_GD1_Cy5	13935
PBM13701	ME	pTH14217	TIGD7	2018-10-24	Pass_matched_pair		2018-10-24_252207110433_S02_R0_GG1_Cy5	13701
PBM13717	HK	pTH14217	TIGD7	2018-10-24	Pass_matched_pair		2018-10-24_252436510529_S02_R0_GG1_Cy5	13717
PBM13538	ME	pTH14218	CAMTA1	2018-08-28	Reject		2018-08-28_252207110426_S02_R0_GE2_Cy5	13538
PBM13554	HK	pTH14218	CAMTA1	2018-08-28	Reject		2018-08-28_252436510522_S02_R0_GE2_Cy5	13554
PBM13539	ME	pTH14219	CAMTA2	2018-08-28	Reject		2018-08-28_252207110426_S02_R0_GF1_Cy5	13539
PBM13555	HK	pTH14219	CAMTA2	2018-08-28	Reject		2018-08-28_252436510522_S02_R0_GF1_Cy5	13555
PBM13920	ME	pTH14220	CXXC4	2018-11-15	Pass_matched_pair		2018-11-15_252207110430_S02_R0_GD2_Cy5	13920
PBM13936	HK	pTH14220	CXXC4	2018-11-15	Pass_matched_pair		2018-11-15_252436510616_S02_R0_GD2_Cy5	13936
PBM13570	ME	pTH14221	CXXC4	2018-08-30	Pass_matched_pair		2018-08-30_252207110427_S02_R0_GE2_Cy5	13570
PBM13586	HK	pTH14221	CXXC4	2018-08-30	Pass_matched_pair		2018-08-30_252436510525_S02_R0_GE2_Cy5	13586
PBM13921	ME	pTH14222	FBXL19	2018-11-15	Pass_matched_pair		2018-11-15_252207110430_S02_R0_GE1_Cy5	13921
PBM13937	HK	pTH14222	FBXL19	2018-11-15	Pass_matched_pair		2018-11-15_252436510616_S02_R0_GE1_Cy5	13937
PBM13922	ME	pTH14223	KDM2A	2018-11-15	Pass_matched_pair		2018-11-15_252207110430_S02_R0_GE2_Cy5	13922
PBM13938	HK	pTH14223	KDM2A	2018-11-15	Pass_matched_pair		2018-11-15_252436510616_S02_R0_GE2_Cy5	13938
PBM13923	ME	pTH14224	TET3	2018-11-15	Pass_matched_pair		2018-11-15_252207110430_S02_R0_GF1_Cy5	13923
PBM13939	HK	pTH14224	TET3	2018-11-15	Pass_matched_pair		2018-11-15_252436510616_S02_R0_GF1_Cy5	13939
PBM13593	ME	pTH14225	DMRTB1	2018-09-05	Pass_matched_pair		2018-09-05_252207110428_S02_R0_GA1_Cy5	13593
PBM13609	HK	pTH14225	DMRTB1	2018-09-05	Pass_matched_pair		2018-09-05_252436510526_S02_R0_GA1_Cy5	13609
PBM13594	ME	pTH14226	DMRTB1	2018-09-05	Pass_matched_pair		2018-09-05_252207110428_S02_R0_GA2_Cy5	13594
PBM13610	HK	pTH14226	DMRTB1	2018-09-05	Pass_matched_pair		2018-09-05_252436510526_S02_R0_GA2_Cy5	13610
PBM13940	HK	pTH14227	FLYWCH1	2018-11-15	Passed		2018-11-15_252436510616_S02_R0_GF2_Cy5	13940
PBM13924	ME	pTH14227	FLYWCH1	2018-11-15	Reject		2018-11-15_252207110430_S02_R0_GF2_Cy5	13924
PBM14312	ME	pTH14227	FLYWCH1	2019-06-27	Reject		2019-06-27_252207110462_S01_R0_GH2_Cy5	14312
PBM13627	ME	pTH14228	GATAD2A	2018-09-12	Reject		2018-09-12_252207110429_S02_R0_GB1_Cy5	13627
PBM13643	HK	pTH14228	GATAD2A	2018-09-12	Reject		2018-09-12_252436510527_S02_R0_GB1_Cy5	13643
PBM13628	ME	pTH14229	GATAD2B	2018-09-12	Reject		2018-09-12_252207110429_S02_R0_GB2_Cy5	13628
PBM13644	HK	pTH14229	GATAD2B	2018-09-12	Reject		2018-09-12_252436510527_S02_R0_GB2_Cy5	13644
PBM13629	ME	pTH14230	GATAD2B	2018-09-12	Reject		2018-09-12_252207110429_S02_R0_GC1_Cy5	13629
PBM13645	HK	pTH14230	GATAD2B	2018-09-12	Reject		2018-09-12_252436510527_S02_R0_GC1_Cy5	13645
PBM13925	ME	pTH14231	ZGLP1	2018-11-15	Pass_matched_pair		2018-11-15_252207110430_S02_R0_GG1_Cy5	13925
PBM13941	HK	pTH14231	ZGLP1	2018-11-15	Pass_matched_pair		2018-11-15_252436510616_S02_R0_GG1_Cy5	13941
PBM13702	ME	pTH14232	ZGLP1	2018-10-24	Pass_matched_pair		2018-10-24_252207110433_S02_R0_GG2_Cy5	13702
PBM13718	HK	pTH14232	ZGLP1	2018-10-24	Pass_matched_pair		2018-10-24_252436510529_S02_R0_GG2_Cy5	13718
PBM13630	ME	pTH14233	GRHL3	2018-09-12	Pass_matched_pair		2018-09-12_252207110429_S02_R0_GC2_Cy5	13630
PBM13646	HK	pTH14233	GRHL3	2018-09-12	Pass_matched_pair		2018-09-12_252436510527_S02_R0_GC2_Cy5	13646
PBM13926	ME	pTH14235	GTF2IRD2B	2018-11-15	Reject		2018-11-15_252207110430_S02_R0_GG2_Cy5	13926
PBM13942	HK	pTH14235	GTF2IRD2B	2018-11-15	Reject		2018-11-15_252436510616_S02_R0_GG2_Cy5	13942
PBM13631	ME	pTH14236	HMG20A	2018-09-12	Pass_matched_pair		2018-09-12_252207110429_S02_R0_GD1_Cy5	13631
PBM13647	HK	pTH14236	HMG20A	2018-09-12	Pass_matched_pair		2018-09-12_252436510527_S02_R0_GD1_Cy5	13647
PBM13632	ME	pTH14237	HMG20A	2018-09-12	Pass_matched_pair		2018-09-12_252207110429_S02_R0_GD2_Cy5	13632
PBM13648	HK	pTH14237	HMG20A	2018-09-12	Reject		2018-09-12_252436510527_S02_R0_GD2_Cy5	13648
PBM13976	HK	pTH14237	HMG20A	2018-11-28	Pass_matched_pair		2018-11-28_252436510624_S02_R0_GH2_Cy5	13976
PBM13703	ME	pTH14238	HMGN3	2018-10-24	Reject		2018-10-24_252207110433_S02_R0_GH1_Cy5	13703
PBM13719	HK	pTH14238	HMGN3	2018-10-24	Reject		2018-10-24_252436510529_S02_R0_GH1_Cy5	13719
PBM13509	ME	pTH14239	ADNP	2018-08-23	Reject		2018-08-23_252207110425_S02_R0_GG1_Cy5	13509
PBM13525	HK	pTH14239	ADNP	2018-08-23	Reject		2018-08-23_252436510524_S02_R0_GG1_Cy5	13525
PBM13510	ME	pTH14240	ADNP	2018-08-23	Reject		2018-08-23_252207110425_S02_R0_GG2_Cy5	13510
PBM13526	HK	pTH14240	ADNP	2018-08-23	Reject		2018-08-23_252436510524_S02_R0_GG2_Cy5	13526
PBM13511	ME	pTH14241	ADNP2	2018-08-23	Reject		2018-08-23_252207110425_S02_R0_GH1_Cy5	13511
PBM13527	HK	pTH14241	ADNP2	2018-08-23	Reject		2018-08-23_252436510524_S02_R0_GH1_Cy5	13527
PBM13512	ME	pTH14242	ADNP2	2018-08-23	Reject		2018-08-23_252207110425_S02_R0_GH2_Cy5	13512
PBM13528	HK	pTH14242	ADNP2	2018-08-23	Reject		2018-08-23_252436510524_S02_R0_GH2_Cy5	13528
PBM13704	ME	pTH14243	LEUTX	2018-10-24	Unsure		2018-10-24_252207110433_S02_R0_GH2_Cy5	13704
PBM14307	ME	pTH14243	LEUTX	2019-06-27	Pass_matched_pair		2019-06-27_252207110462_S02_R0_GF1_Cy5	14307
PBM13720	HK	pTH14243	LEUTX	2018-10-24	Unsure		2018-10-24_252436510529_S02_R0_GH2_Cy5	13720
PBM14323	HK	pTH14243	LEUTX	2019-06-27	Pass_matched_pair		2019-06-27_252436510640_S02_R0_GF1_Cy5	14323
PBM13927	ME	pTH14244	MKX	2018-11-15	Reject		2018-11-15_252207110430_S02_R0_GH1_Cy5	13927
PBM13943	HK	pTH14244	MKX	2018-11-15	Reject		2018-11-15_252436510616_S02_R0_GH1_Cy5	13943
PBM13657	ME	pTH14245	MKX	2018-10-25	Pass_matched_pair		2018-10-25_252207110434_S02_R0_GA1_Cy5	13657
PBM13673	HK	pTH14245	MKX	2018-10-25	Pass_matched_pair		2018-10-25_252436510613_S02_R0_GA1_Cy5	13673
PBM13658	ME	pTH14246	NANOGNB	2018-10-25	Reject		2018-10-25_252207110434_S02_R0_GA2_Cy5	13658
PBM13674	HK	pTH14246	NANOGNB	2018-10-25	Reject		2018-10-25_252436510613_S02_R0_GA2_Cy5	13674
PBM13928	ME	pTH14247	TPRX1	2018-11-15	Pass_matched_pair		2018-11-15_252207110430_S02_R0_GH2_Cy5	13928
PBM13944	HK	pTH14247	TPRX1	2018-11-15	Pass_matched_pair		2018-11-15_252436510616_S02_R0_GH2_Cy5	13944
PBM13659	ME	pTH14248	TPRX1	2018-10-25	Pass_matched_pair		2018-10-25_252207110434_S02_R0_GB1_Cy5	13659
PBM13675	HK	pTH14248	TPRX1	2018-10-25	Pass_matched_pair		2018-10-25_252436510613_S02_R0_GB1_Cy5	13675
PBM13849	ME	pTH14249	ZHX2	2018-11-19	Reject		2018-11-19_252207110445_S02_R0_GA1_Cy5	13849
PBM13865	HK	pTH14249	ZHX2	2018-11-19	Reject		2018-11-19_252436510617_S02_R0_GA1_Cy5	13865
PBM13850	ME	pTH14250	ZHX2	2018-11-19	Reject		2018-11-19_252207110445_S02_R0_GA2_Cy5	13850
PBM13866	HK	pTH14250	ZHX2	2018-11-19	Reject		2018-11-19_252436510617_S02_R0_GA2_Cy5	13866
PBM13851	ME	pTH14251	ZHX3	2018-11-19	Reject		2018-11-19_252207110445_S02_R0_GB1_Cy5	13851
PBM13867	HK	pTH14251	ZHX3	2018-11-19	Reject		2018-11-19_252436510617_S02_R0_GB1_Cy5	13867
PBM13852	ME	pTH14252	ZHX3	2018-11-19	Reject		2018-11-19_252207110445_S02_R0_GB2_Cy5	13852
PBM13868	HK	pTH14252	ZHX3	2018-11-19	Reject		2018-11-19_252436510617_S02_R0_GB2_Cy5	13868
PBM13853	ME	pTH14253	POU5F2	2018-11-19	Reject		2018-11-19_252207110445_S02_R0_GC1_Cy5	13853
PBM13869	HK	pTH14253	POU5F2	2018-11-19	Reject		2018-11-19_252436510617_S02_R0_GC1_Cy5	13869
PBM13854	ME	pTH14254	HSFX1	2018-11-19	Reject		2018-11-19_252207110445_S02_R0_GC2_Cy5	13854
PBM13870	HK	pTH14254	HSFX1	2018-11-19	Reject		2018-11-19_252436510617_S02_R0_GC2_Cy5	13870
PBM13633	ME	pTH14255	HSFX1	2018-09-12	Reject		2018-09-12_252207110429_S02_R0_GE1_Cy5	13633
PBM13649	HK	pTH14255	HSFX1	2018-09-12	Reject		2018-09-12_252436510527_S02_R0_GE1_Cy5	13649
PBM13634	ME	pTH14256	HSFX2	2018-09-12	Reject		2018-09-12_252207110429_S02_R0_GE2_Cy5	13634
PBM13650	HK	pTH14256	HSFX2	2018-09-12	Reject		2018-09-12_252436510527_S02_R0_GE2_Cy5	13650
PBM13660	ME	pTH14257	HSFX2	2018-10-25	Reject		2018-10-25_252207110434_S02_R0_GB2_Cy5	13660
PBM13676	HK	pTH14257	HSFX2	2018-10-25	Reject		2018-10-25_252436510613_S02_R0_GB2_Cy5	13676
PBM13855	ME	pTH14258	MSANTD1	2018-11-19	Reject		2018-11-19_252207110445_S02_R0_GD1_Cy5	13855
PBM13871	HK	pTH14258	MSANTD1	2018-11-19	Reject		2018-11-19_252436510617_S02_R0_GD1_Cy5	13871
PBM13661	ME	pTH14259	MSANTD1	2018-10-25	Pass_matched_pair		2018-10-25_252207110434_S02_R0_GC1_Cy5	13661
PBM13677	HK	pTH14259	MSANTD1	2018-10-25	Pass_matched_pair		2018-10-25_252436510613_S02_R0_GC1_Cy5	13677
PBM13856	ME	pTH14260	MBD3	2018-11-19	Reject		2018-11-19_252207110445_S02_R0_GD2_Cy5	13856
PBM13872	HK	pTH14260	MBD3	2018-11-19	Reject		2018-11-19_252436510617_S02_R0_GD2_Cy5	13872
PBM13857	ME	pTH14262	MBD4	2018-11-19	Reject		2018-11-19_252207110445_S02_R0_GE1_Cy5	13857
PBM13873	HK	pTH14262	MBD4	2018-11-19	Reject		2018-11-19_252436510617_S02_R0_GE1_Cy5	13873
PBM13858	ME	pTH14263	MBD6	2018-11-19	Reject		2018-11-19_252207110445_S02_R0_GE2_Cy5	13858
PBM13874	HK	pTH14263	MBD6	2018-11-19	Reject		2018-11-19_252436510617_S02_R0_GE2_Cy5	13874
PBM13859	ME	pTH14264	PIN1	2018-11-19	Reject		2018-11-19_252207110445_S02_R0_GF1_Cy5	13859
PBM13875	HK	pTH14264	PIN1	2018-11-19	Reject		2018-11-19_252436510617_S02_R0_GF1_Cy5	13875
PBM13860	ME	pTH14265	SETDB2	2018-11-19	Reject		2018-11-19_252207110445_S02_R0_GF2_Cy5	13860
PBM13876	HK	pTH14265	SETDB2	2018-11-19	Reject		2018-11-19_252436510617_S02_R0_GF2_Cy5	13876
PBM13764	ME	pTH14266	MBD1	2018-10-30	Reject		2018-10-30_252207110442_S02_R0_GF2_Cy5	13764
PBM13955	ME	pTH14266	MBD1	2018-11-28	Pass_matched_pair		2018-11-28_252207110447_S02_R0_GF1_Cy5	13955
PBM13780	HK	pTH14266	MBD1	2018-10-30	Passed		2018-10-30_252436510614_S02_R0_GF2_Cy5	13780
PBM13971	HK	pTH14266	MBD1	2018-11-28	Pass_matched_pair		2018-11-28_252436510624_S02_R0_GF1_Cy5	13971
PBM13861	ME	pTH14267	MTERF2	2018-11-19	Reject		2018-11-19_252207110445_S02_R0_GG1_Cy5	13861
PBM13877	HK	pTH14267	MTERF2	2018-11-19	Reject		2018-11-19_252436510617_S02_R0_GG1_Cy5	13877
PBM13862	ME	pTH14269	MTERF3	2018-11-19	Reject		2018-11-19_252207110445_S02_R0_GG2_Cy5	13862
PBM13878	HK	pTH14269	MTERF3	2018-11-19	Reject		2018-11-19_252436510617_S02_R0_GG2_Cy5	13878
PBM13863	ME	pTH14270	MTERF4	2018-11-19	Reject		2018-11-19_252207110445_S02_R0_GH1_Cy5	13863
PBM13879	HK	pTH14270	MTERF4	2018-11-19	Reject		2018-11-19_252436510617_S02_R0_GH1_Cy5	13879
PBM13662	ME	pTH14271	DMTF1	2018-10-25	Pass_matched_pair		2018-10-25_252207110434_S02_R0_GC2_Cy5	13662
PBM13678	HK	pTH14271	DMTF1	2018-10-25	Pass_matched_pair		2018-10-25_252436510613_S02_R0_GC2_Cy5	13678
PBM13663	ME	pTH14272	MSANTD4	2018-10-25	Pass_matched_pair		2018-10-25_252207110434_S02_R0_GD1_Cy5	13663
PBM13679	HK	pTH14272	MSANTD4	2018-10-25	Pass_matched_pair		2018-10-25_252436510613_S02_R0_GD1_Cy5	13679
PBM13864	ME	pTH14273	MYPOP	2018-11-19	Reject		2018-11-19_252207110445_S02_R0_GH2_Cy5	13864
PBM13880	HK	pTH14273	MYPOP	2018-11-19	Reject		2018-11-19_252436510617_S02_R0_GH2_Cy5	13880
PBM13664	ME	pTH14274	MYPOP	2018-10-25	Pass_matched_pair		2018-10-25_252207110434_S02_R0_GD2_Cy5	13664
PBM13680	HK	pTH14274	MYPOP	2018-10-25	Pass_matched_pair		2018-10-25_252436510613_S02_R0_GD2_Cy5	13680
PBM13665	ME	pTH14275	MYSM1	2018-10-25	Reject		2018-10-25_252207110434_S02_R0_GE1_Cy5	13665
PBM13681	HK	pTH14275	MYSM1	2018-10-25	Reject		2018-10-25_252436510613_S02_R0_GE1_Cy5	13681
PBM13666	ME	pTH14276	TERB1	2018-10-25	Reject		2018-10-25_252207110434_S02_R0_GE2_Cy5	13666
PBM13682	HK	pTH14276	TERB1	2018-10-25	Reject		2018-10-25_252436510613_S02_R0_GE2_Cy5	13682
PBM13881	ME	pTH14277	TERF1	2018-11-20	Reject		2018-11-20_252207110446_S02_R0_GA1_Cy5	13881
PBM13897	HK	pTH14277	TERF1	2018-11-20	Reject		2018-11-20_252436510623_S02_R0_GA1_Cy5	13897
PBM13882	ME	pTH14278	TERF1	2018-11-20	Pass_matched_pair		2018-11-20_252207110446_S02_R0_GA2_Cy5	13882
PBM13898	HK	pTH14278	TERF1	2018-11-20	Pass_matched_pair		2018-11-20_252436510623_S02_R0_GA2_Cy5	13898
PBM13667	ME	pTH14279	TTF1	2018-10-25	Reject		2018-10-25_252207110434_S02_R0_GF1_Cy5	13667
PBM13683	HK	pTH14279	TTF1	2018-10-25	Reject		2018-10-25_252436510613_S02_R0_GF1_Cy5	13683
PBM13883	ME	pTH14280	MYRFL	2018-11-20	Reject		2018-11-20_252207110446_S02_R0_GB1_Cy5	13883
PBM13899	HK	pTH14280	MYRFL	2018-11-20	Reject		2018-11-20_252436510623_S02_R0_GB1_Cy5	13899
PBM13884	ME	pTH14281	NFX1	2018-11-20	Reject		2018-11-20_252207110446_S02_R0_GB2_Cy5	13884
PBM13900	HK	pTH14281	NFX1	2018-11-20	Reject		2018-11-20_252436510623_S02_R0_GB2_Cy5	13900
PBM13885	ME	pTH14282	NFXL1	2018-11-20	Reject		2018-11-20_252207110446_S02_R0_GC1_Cy5	13885
PBM13901	HK	pTH14282	NFXL1	2018-11-20	Reject		2018-11-20_252436510623_S02_R0_GC1_Cy5	13901
PBM13668	ME	pTH14283	AEBP1	2018-10-25	Reject		2018-10-25_252207110434_S02_R0_GF2_Cy5	13668
PBM13684	HK	pTH14283	AEBP1	2018-10-25	Reject		2018-10-25_252436510613_S02_R0_GF2_Cy5	13684
PBM13669	ME	pTH14284	ARHGAP35	2018-10-25	Reject		2018-10-25_252207110434_S02_R0_GG1_Cy5	13669
PBM13685	HK	pTH14284	ARHGAP35	2018-10-25	Reject		2018-10-25_252436510613_S02_R0_GG1_Cy5	13685
PBM13670	ME	pTH14285	BRF2	2018-10-25	Reject		2018-10-25_252207110434_S02_R0_GG2_Cy5	13670
PBM13686	HK	pTH14285	BRF2	2018-10-25	Reject		2018-10-25_252436510613_S02_R0_GG2_Cy5	13686
PBM13540	ME	pTH14286	CENPA	2018-08-28	Reject		2018-08-28_252207110426_S02_R0_GF2_Cy5	13540
PBM13556	HK	pTH14286	CENPA	2018-08-28	Reject		2018-08-28_252436510522_S02_R0_GF2_Cy5	13556
PBM13671	ME	pTH14287	CENPS	2018-10-25	Reject		2018-10-25_252207110434_S02_R0_GH1_Cy5	13671
PBM13687	HK	pTH14287	CENPS	2018-10-25	Reject		2018-10-25_252436510613_S02_R0_GH1_Cy5	13687
PBM13541	ME	pTH14288	CENPT	2018-08-28	Reject		2018-08-28_252207110426_S02_R0_GG1_Cy5	13541
PBM13557	HK	pTH14288	CENPT	2018-08-28	Reject		2018-08-28_252436510522_S02_R0_GG1_Cy5	13557
PBM13542	ME	pTH14289	CENPX	2018-08-28	Reject		2018-08-28_252207110426_S02_R0_GG2_Cy5	13542
PBM13558	HK	pTH14289	CENPX	2018-08-28	Reject		2018-08-28_252436510522_S02_R0_GG2_Cy5	13558
PBM13543	ME	pTH14290	CGGBP1	2018-08-28	Pass_matched_pair		2018-08-28_252207110426_S02_R0_GH1_Cy5	13543
PBM13559	HK	pTH14290	CGGBP1	2018-08-28	Pass_matched_pair		2018-08-28_252436510522_S02_R0_GH1_Cy5	13559
PBM13672	ME	pTH14291	CHCHD3	2018-10-25	Reject		2018-10-25_252207110434_S02_R0_GH2_Cy5	13672
PBM13688	HK	pTH14291	CHCHD3	2018-10-25	Reject		2018-10-25_252436510613_S02_R0_GH2_Cy5	13688
PBM13595	ME	pTH14292	CSRNP1	2018-09-05	Reject		2018-09-05_252207110428_S02_R0_GB1_Cy5	13595
PBM13611	HK	pTH14292	CSRNP1	2018-09-05	Reject		2018-09-05_252436510526_S02_R0_GB1_Cy5	13611
PBM13596	ME	pTH14293	CSRNP1	2018-09-05	Reject		2018-09-05_252207110428_S02_R0_GB2_Cy5	13596
PBM13612	HK	pTH14293	CSRNP1	2018-09-05	Reject		2018-09-05_252436510526_S02_R0_GB2_Cy5	13612
PBM13597	ME	pTH14294	CSRNP2	2018-09-05	Reject		2018-09-05_252207110428_S02_R0_GC1_Cy5	13597
PBM13613	HK	pTH14294	CSRNP2	2018-09-05	Reject		2018-09-05_252436510526_S02_R0_GC1_Cy5	13613
PBM13598	ME	pTH14295	CSRNP2	2018-09-05	Reject		2018-09-05_252207110428_S02_R0_GC2_Cy5	13598
PBM13614	HK	pTH14295	CSRNP2	2018-09-05	Reject		2018-09-05_252436510526_S02_R0_GC2_Cy5	13614
PBM13599	ME	pTH14296	CSRNP3	2018-09-05	Reject		2018-09-05_252207110428_S02_R0_GD1_Cy5	13599
PBM13615	HK	pTH14296	CSRNP3	2018-09-05	Reject		2018-09-05_252436510526_S02_R0_GD1_Cy5	13615
PBM13600	ME	pTH14297	DACH1	2018-09-05	Reject		2018-09-05_252207110428_S02_R0_GD2_Cy5	13600
PBM13616	HK	pTH14297	DACH1	2018-09-05	Reject		2018-09-05_252436510526_S02_R0_GD2_Cy5	13616
PBM13601	ME	pTH14298	DACH2	2018-09-05	Reject		2018-09-05_252207110428_S02_R0_GE1_Cy5	13601
PBM13617	HK	pTH14298	DACH2	2018-09-05	Reject		2018-09-05_252436510526_S02_R0_GE1_Cy5	13617
PBM13602	ME	pTH14299	DACH2	2018-09-05	Reject		2018-09-05_252207110428_S02_R0_GE2_Cy5	13602
PBM13618	HK	pTH14299	DACH2	2018-09-05	Reject		2018-09-05_252436510526_S02_R0_GE2_Cy5	13618
PBM13721	ME	pTH14300	DR1	2018-10-29	Reject		2018-10-29_252207110435_S02_R0_GA1_Cy5	13721
PBM13737	HK	pTH14300	DR1	2018-10-29	Reject		2018-10-29_252436510530_S02_R0_GA1_Cy5	13737
PBM13603	ME	pTH14301	DRAP1	2018-09-05	Reject		2018-09-05_252207110428_S02_R0_GF1_Cy5	13603
PBM13619	HK	pTH14301	DRAP1	2018-09-05	Reject		2018-09-05_252436510526_S02_R0_GF1_Cy5	13619
PBM13635	ME	pTH14302	GLMP	2018-09-12	Reject		2018-09-12_252207110429_S02_R0_GF1_Cy5	13635
PBM13651	HK	pTH14302	GLMP	2018-09-12	Reject		2018-09-12_252436510527_S02_R0_GF1_Cy5	13651
PBM13765	ME	pTH14303	GPBP1	2018-10-30	Reject		2018-10-30_252207110442_S02_R0_GG1_Cy5	13765
PBM13781	HK	pTH14303	GPBP1	2018-10-30	Reject		2018-10-30_252436510614_S02_R0_GG1_Cy5	13781
PBM13722	ME	pTH14304	GPBP1	2018-10-29	Pass_matched_pair		2018-10-29_252207110435_S02_R0_GA2_Cy5	13722
PBM13738	HK	pTH14304	GPBP1	2018-10-29	Pass_matched_pair		2018-10-29_252436510530_S02_R0_GA2_Cy5	13738
PBM13723	ME	pTH14305	GPBP1L1	2018-10-29	Reject		2018-10-29_252207110435_S02_R0_GB1_Cy5	13723
PBM13739	HK	pTH14305	GPBP1L1	2018-10-29	Reject		2018-10-29_252436510530_S02_R0_GB1_Cy5	13739
PBM13724	ME	pTH14306	KCNIP3	2018-10-29	Reject		2018-10-29_252207110435_S02_R0_GB2_Cy5	13724
PBM13740	HK	pTH14306	KCNIP3	2018-10-29	Reject		2018-10-29_252436510530_S02_R0_GB2_Cy5	13740
PBM13725	ME	pTH14308	NACC2	2018-10-29	Pass_matched_pair		2018-10-29_252207110435_S02_R0_GC1_Cy5	13725
PBM13741	HK	pTH14308	NACC2	2018-10-29	Pass_matched_pair		2018-10-29_252436510530_S02_R0_GC1_Cy5	13741
PBM13726	ME	pTH14309	NKRF	2018-10-29	Reject		2018-10-29_252207110435_S02_R0_GC2_Cy5	13726
PBM13742	HK	pTH14309	NKRF	2018-10-29	Reject		2018-10-29_252436510530_S02_R0_GC2_Cy5	13742
PBM13356	HK	pTH14310	NME2	2018-05-30	Passed		2018-05-30_252436510519_S02_R0_GB2_Cy5	13356
PBM13340	ME	pTH14310	NME2	2018-05-30	Reject		2018-05-30_252207110422_S02_R0_GB2_Cy5	13340
PBM13959	ME	pTH14310	NME2	2018-11-28	Reject		2018-11-28_252207110447_S02_R0_GH1_Cy5	13959
PBM14438	ME	pTH14310	NME2	2019-10-31	Reject		2019-10-31_252207110466_S02_R0_GG2_Cy5	14438
PBM13727	ME	pTH14311	PA2G4	2018-10-29	Reject		2018-10-29_252207110435_S02_R0_GD1_Cy5	13727
PBM13743	HK	pTH14311	PA2G4	2018-10-29	Reject		2018-10-29_252436510530_S02_R0_GD1_Cy5	13743
PBM13728	ME	pTH14312	PCGF2	2018-10-29	Reject		2018-10-29_252207110435_S02_R0_GD2_Cy5	13728
PBM13744	HK	pTH14312	PCGF2	2018-10-29	Reject		2018-10-29_252436510530_S02_R0_GD2_Cy5	13744
PBM13729	ME	pTH14313	PCGF6	2018-10-29	Reject		2018-10-29_252207110435_S02_R0_GE1_Cy5	13729
PBM13745	HK	pTH14313	PCGF6	2018-10-29	Reject		2018-10-29_252436510530_S02_R0_GE1_Cy5	13745
PBM13766	ME	pTH14314	PHF19	2018-10-30	Reject		2018-10-30_252207110442_S02_R0_GG2_Cy5	13766
PBM13782	HK	pTH14314	PHF19	2018-10-30	Reject		2018-10-30_252436510614_S02_R0_GG2_Cy5	13782
PBM13767	ME	pTH14315	PHF19	2018-10-30	Reject		2018-10-30_252207110442_S02_R0_GH1_Cy5	13767
PBM13783	HK	pTH14315	PHF19	2018-10-30	Reject		2018-10-30_252436510614_S02_R0_GH1_Cy5	13783
PBM13730	ME	pTH14316	PLSCR1	2018-10-29	Reject		2018-10-29_252207110435_S02_R0_GE2_Cy5	13730
PBM13746	HK	pTH14316	PLSCR1	2018-10-29	Reject		2018-10-29_252436510530_S02_R0_GE2_Cy5	13746
PBM13768	ME	pTH14317	PREB	2018-10-30	Reject		2018-10-30_252207110442_S02_R0_GH2_Cy5	13768
PBM13784	HK	pTH14317	PREB	2018-10-30	Reject		2018-10-30_252436510614_S02_R0_GH2_Cy5	13784
PBM13731	ME	pTH14318	PREB	2018-10-29	Reject		2018-10-29_252207110435_S02_R0_GF1_Cy5	13731
PBM13747	HK	pTH14318	PREB	2018-10-29	Reject		2018-10-29_252436510530_S02_R0_GF1_Cy5	13747
PBM13732	ME	pTH14319	PURB	2018-10-29	Unsure		2018-10-29_252207110435_S02_R0_GF2_Cy5	13732
PBM14308	ME	pTH14319	PURB	2019-06-27	Pass_matched_pair		2019-06-27_252207110462_S02_R0_GF2_Cy5	14308
PBM13748	HK	pTH14319	PURB	2018-10-29	Unsure		2018-10-29_252436510530_S02_R0_GF2_Cy5	13748
PBM14324	HK	pTH14319	PURB	2019-06-27	Reject		2019-06-27_252436510640_S02_R0_GF2_Cy5	14324
PBM14454	HK	pTH14319	PURB	2019-10-31	Pass_matched_pair		2019-10-31_252436510644_S02_R0_GG2_Cy5	14454
PBM13733	ME	pTH14320	PURG	2018-10-29	Reject		2018-10-29_252207110435_S02_R0_GG1_Cy5	13733
PBM13749	HK	pTH14320	PURG	2018-10-29	Reject		2018-10-29_252436510530_S02_R0_GG1_Cy5	13749
PBM13734	ME	pTH14321	RAG1	2018-10-29	Reject		2018-10-29_252207110435_S02_R0_GG2_Cy5	13734
PBM13750	HK	pTH14321	RAG1	2018-10-29	Reject		2018-10-29_252436510530_S02_R0_GG2_Cy5	13750
PBM13735	ME	pTH14324	SAFB	2018-10-29	Reject		2018-10-29_252207110435_S02_R0_GH1_Cy5	13735
PBM13751	HK	pTH14324	SAFB	2018-10-29	Reject		2018-10-29_252436510530_S02_R0_GH1_Cy5	13751
PBM13736	ME	pTH14325	SAFB2	2018-10-29	Reject		2018-10-29_252207110435_S02_R0_GH2_Cy5	13736
PBM13752	HK	pTH14325	SAFB2	2018-10-29	Reject		2018-10-29_252436510530_S02_R0_GH2_Cy5	13752
PBM13753	ME	pTH14326	SCMH1	2018-10-30	Reject		2018-10-30_252207110442_S02_R0_GA1_Cy5	13753
PBM13769	HK	pTH14326	SCMH1	2018-10-30	Reject		2018-10-30_252436510614_S02_R0_GA1_Cy5	13769
PBM13754	ME	pTH14327	SMYD3	2018-10-30	Reject		2018-10-30_252207110442_S02_R0_GA2_Cy5	13754
PBM13960	ME	pTH14327	SMYD3	2018-11-28	Reject		2018-11-28_252207110447_S02_R0_GH2_Cy5	13960
PBM14309	ME	pTH14327	SMYD3	2019-06-27	Reject		2019-06-27_252207110462_S02_R0_GG1_Cy5	14309
PBM13770	HK	pTH14327	SMYD3	2018-10-30	Unsure		2018-10-30_252436510614_S02_R0_GA2_Cy5	13770
PBM14325	HK	pTH14327	SMYD3	2019-06-27	Reject		2019-06-27_252436510640_S02_R0_GG1_Cy5	14325
PBM13755	ME	pTH14328	SNAPC2	2018-10-30	Reject		2018-10-30_252207110442_S02_R0_GB1_Cy5	13755
PBM13771	HK	pTH14328	SNAPC2	2018-10-30	Reject		2018-10-30_252436510614_S02_R0_GB1_Cy5	13771
PBM13341	ME	pTH14329	SNAPC5	2018-05-30	Reject		2018-05-30_252207110422_S02_R0_GC1_Cy5	13341
PBM13357	HK	pTH14329	SNAPC5	2018-05-30	Reject		2018-05-30_252436510519_S02_R0_GC1_Cy5	13357
PBM13756	ME	pTH14330	TCF20	2018-10-30	Pass_matched_pair		2018-10-30_252207110442_S02_R0_GB2_Cy5	13756
PBM13772	HK	pTH14330	TCF20	2018-10-30	Pass_matched_pair		2018-10-30_252436510614_S02_R0_GB2_Cy5	13772
PBM13757	ME	pTH14331	TET2	2018-10-30	Reject		2018-10-30_252207110442_S02_R0_GC1_Cy5	13757
PBM13773	HK	pTH14331	TET2	2018-10-30	Reject		2018-10-30_252436510614_S02_R0_GC1_Cy5	13773
PBM13758	ME	pTH14332	THYN1	2018-10-30	Reject		2018-10-30_252207110442_S02_R0_GC2_Cy5	13758
PBM13774	HK	pTH14332	THYN1	2018-10-30	Reject		2018-10-30_252436510614_S02_R0_GC2_Cy5	13774
PBM13759	ME	pTH14333	TMF1	2018-10-30	Reject		2018-10-30_252207110442_S02_R0_GD1_Cy5	13759
PBM13775	HK	pTH14333	TMF1	2018-10-30	Reject		2018-10-30_252436510614_S02_R0_GD1_Cy5	13775
PBM13886	ME	pTH14334	RFX8	2018-11-20	Reject		2018-11-20_252207110446_S02_R0_GC2_Cy5	13886
PBM13902	HK	pTH14334	RFX8	2018-11-20	Reject		2018-11-20_252436510623_S02_R0_GC2_Cy5	13902
PBM13887	ME	pTH14335	RFX8	2018-11-20	Reject		2018-11-20_252207110446_S02_R0_GD1_Cy5	13887
PBM13903	HK	pTH14335	RFX8	2018-11-20	Reject		2018-11-20_252436510623_S02_R0_GD1_Cy5	13903
PBM13760	ME	pTH14336	SP100	2018-10-30	Reject		2018-10-30_252207110442_S02_R0_GD2_Cy5	13760
PBM13956	ME	pTH14336	SP100	2018-11-28	Reject		2018-11-28_252207110447_S02_R0_GF2_Cy5	13956
PBM13776	HK	pTH14336	SP100	2018-10-30	Unsure		2018-10-30_252436510614_S02_R0_GD2_Cy5	13776
PBM13972	HK	pTH14336	SP100	2018-11-28	Reject		2018-11-28_252436510624_S02_R0_GF2_Cy5	13972
PBM13761	ME	pTH14337	SP110	2018-10-30	Reject		2018-10-30_252207110442_S02_R0_GE1_Cy5	13761
PBM13777	HK	pTH14337	SP110	2018-10-30	Reject		2018-10-30_252436510614_S02_R0_GE1_Cy5	13777
PBM13762	ME	pTH14338	SP140	2018-10-30	Reject		2018-10-30_252207110442_S02_R0_GE2_Cy5	13762
PBM13957	ME	pTH14338	SP140	2018-11-28	Pass_matched_pair		2018-11-28_252207110447_S02_R0_GG1_Cy5	13957
PBM13778	HK	pTH14338	SP140	2018-10-30	Passed		2018-10-30_252436510614_S02_R0_GE2_Cy5	13778
PBM13973	HK	pTH14338	SP140	2018-11-28	Pass_matched_pair		2018-11-28_252436510624_S02_R0_GG1_Cy5	13973
PBM13888	ME	pTH14339	SP140L	2018-11-20	Reject		2018-11-20_252207110446_S02_R0_GD2_Cy5	13888
PBM13904	HK	pTH14339	SP140L	2018-11-20	Reject		2018-11-20_252436510623_S02_R0_GD2_Cy5	13904
PBM13763	ME	pTH14340	SP140L	2018-10-30	Pass_matched_pair		2018-10-30_252207110442_S02_R0_GF1_Cy5	13763
PBM13779	HK	pTH14340	SP140L	2018-10-30	Pass_matched_pair		2018-10-30_252436510614_S02_R0_GF1_Cy5	13779
PBM13889	ME	pTH14341	TBPL1	2018-11-20	Reject		2018-11-20_252207110446_S02_R0_GE1_Cy5	13889
PBM13905	HK	pTH14341	TBPL1	2018-11-20	Reject		2018-11-20_252436510623_S02_R0_GE1_Cy5	13905
PBM13890	ME	pTH14342	THAP10	2018-11-20	Reject		2018-11-20_252207110446_S02_R0_GE2_Cy5	13890
PBM13906	HK	pTH14342	THAP10	2018-11-20	Reject		2018-11-20_252436510623_S02_R0_GE2_Cy5	13906
PBM13891	ME	pTH14343	THAP10	2018-11-20	Reject		2018-11-20_252207110446_S02_R0_GF1_Cy5	13891
PBM13907	HK	pTH14343	THAP10	2018-11-20	Reject		2018-11-20_252436510623_S02_R0_GF1_Cy5	13907
PBM13892	ME	pTH14344	THAP11	2018-11-20	Reject		2018-11-20_252207110446_S02_R0_GF2_Cy5	13892
PBM13908	HK	pTH14344	THAP11	2018-11-20	Reject		2018-11-20_252436510623_S02_R0_GF2_Cy5	13908
PBM13893	ME	pTH14345	THAP11	2018-11-20	Reject		2018-11-20_252207110446_S02_R0_GG1_Cy5	13893
PBM13909	HK	pTH14345	THAP11	2018-11-20	Reject		2018-11-20_252436510623_S02_R0_GG1_Cy5	13909
PBM13894	ME	pTH14346	THAP2	2018-11-20	Reject		2018-11-20_252207110446_S02_R0_GG2_Cy5	13894
PBM13910	HK	pTH14346	THAP2	2018-11-20	Reject		2018-11-20_252436510623_S02_R0_GG2_Cy5	13910
PBM13895	ME	pTH14347	THAP4	2018-11-20	Reject		2018-11-20_252207110446_S02_R0_GH1_Cy5	13895
PBM13911	HK	pTH14347	THAP4	2018-11-20	Reject		2018-11-20_252436510623_S02_R0_GH1_Cy5	13911
PBM13896	ME	pTH14348	THAP4	2018-11-20	Reject		2018-11-20_252207110446_S02_R0_GH2_Cy5	13896
PBM13912	HK	pTH14348	THAP4	2018-11-20	Reject		2018-11-20_252436510623_S02_R0_GH2_Cy5	13912
PBM13945	ME	pTH14349	THAP5	2018-11-28	Reject		2018-11-28_252207110447_S02_R0_GA1_Cy5	13945
PBM13961	HK	pTH14349	THAP5	2018-11-28	Reject		2018-11-28_252436510624_S02_R0_GA1_Cy5	13961
PBM13946	ME	pTH14350	THAP5	2018-11-28	Reject		2018-11-28_252207110447_S02_R0_GA2_Cy5	13946
PBM13962	HK	pTH14350	THAP5	2018-11-28	Reject		2018-11-28_252436510624_S02_R0_GA2_Cy5	13962
PBM13947	ME	pTH14351	THAP6	2018-11-28	Reject		2018-11-28_252207110447_S02_R0_GB1_Cy5	13947
PBM13963	HK	pTH14351	THAP6	2018-11-28	Reject		2018-11-28_252436510624_S02_R0_GB1_Cy5	13963
PBM13948	ME	pTH14352	THAP7	2018-11-28	Reject		2018-11-28_252207110447_S02_R0_GB2_Cy5	13948
PBM13964	HK	pTH14352	THAP7	2018-11-28	Reject		2018-11-28_252436510624_S02_R0_GB2_Cy5	13964
PBM13949	ME	pTH14353	THAP7	2018-11-28	Reject		2018-11-28_252207110447_S02_R0_GC1_Cy5	13949
PBM13965	HK	pTH14353	THAP7	2018-11-28	Reject		2018-11-28_252436510624_S02_R0_GC1_Cy5	13965
PBM13950	ME	pTH14354	THAP8	2018-11-28	Reject		2018-11-28_252207110447_S02_R0_GC2_Cy5	13950
PBM13966	HK	pTH14354	THAP8	2018-11-28	Reject		2018-11-28_252436510624_S02_R0_GC2_Cy5	13966
PBM13951	ME	pTH14355	THAP8	2018-11-28	Reject		2018-11-28_252207110447_S02_R0_GD1_Cy5	13951
PBM13967	HK	pTH14355	THAP8	2018-11-28	Reject		2018-11-28_252436510624_S02_R0_GD1_Cy5	13967
PBM13952	ME	pTH14356	THAP9	2018-11-28	Reject		2018-11-28_252207110447_S02_R0_GD2_Cy5	13952
PBM13968	HK	pTH14356	THAP9	2018-11-28	Reject		2018-11-28_252436510624_S02_R0_GD2_Cy5	13968
PBM14301	ME	pTH15518	MAX	2019-06-27	Pass_matched_pair		2019-06-27_252207110462_S02_R0_GC1_Cy5	14301
PBM14302	ME	pTH15519	SRY	2019-06-27	Pass_matched_pair		2019-06-27_252207110462_S02_R0_GC2_Cy5	14302
PBM14303	ME	pTH15520	SOX15	2019-06-27	Pass_matched_pair		2019-06-27_252207110462_S02_R0_GD1_Cy5	14303
PBM14361	ME	pTH15521	MYF6	2019-07-25	Pass_matched_pair		2019-07-25_252207110464_S02_R0_GA1_Cy5	14361
PBM14362	ME	pTH15522	SOX2	2019-07-25	Pass_matched_pair		2019-07-25_252207110464_S02_R0_GA2_Cy5	14362
PBM14329	ME	pTH15523	JUNB	2019-07-17	Pass_matched_pair		2019-07-17_252207110463_S02_R0_GA1_Cy5	14329
PBM14330	ME	pTH15524	POU5F1	2019-07-17	Passed		2019-07-17_252207110463_S02_R0_GA2_Cy5	14330
PBM14304	ME	pTH15525	ZSCAN4	2019-06-27	Pass_matched_pair		2019-06-27_252207110462_S02_R0_GD2_Cy5	14304
PBM14305	ME	pTH15526	RXRA	2019-06-27	Pass_matched_pair		2019-06-27_252207110462_S02_R0_GE1_Cy5	14305
PBM14331	ME	pTH15530	FOSL2	2019-07-17	Pass_matched_pair		2019-07-17_252207110463_S02_R0_GB1_Cy5	14331
PBM14332	ME	pTH15531	LHX6	2019-07-17	Pass_matched_pair		2019-07-17_252207110463_S02_R0_GB2_Cy5	14332
PBM14333	ME	pTH15532	LEF1	2019-07-17	Pass_matched_pair		2019-07-17_252207110463_S02_R0_GC1_Cy5	14333
PBM14334	ME	pTH15533	VDR	2019-07-17	Pass_matched_pair		2019-07-17_252207110463_S02_R0_GC2_Cy5	14334
PBM14335	ME	pTH15534	FLI1	2019-07-17	Pass_matched_pair		2019-07-17_252207110463_S02_R0_GD1_Cy5	14335
PBM14336	ME	pTH15535	GABPA	2019-07-17	Pass_matched_pair		2019-07-17_252207110463_S02_R0_GD2_Cy5	14336
PBM14337	ME	pTH15536	RORB	2019-07-17	Pass_matched_pair		2019-07-17_252207110463_S02_R0_GE1_Cy5	14337
PBM14338	ME	pTH15537	RARA	2019-07-17	Pass_matched_pair		2019-07-17_252207110463_S02_R0_GE2_Cy5	14338
PBM14339	ME	pTH15538	NR1H4	2019-07-17	Pass_matched_pair		2019-07-17_252207110463_S02_R0_GF1_Cy5	14339
PBM14340	ME	pTH15539	PAX7	2019-07-17	Pass_matched_pair		2019-07-17_252207110463_S02_R0_GF2_Cy5	14340
PBM14341	ME	pTH15540	cJUN	2019-07-17	Pass_matched_pair		2019-07-17_252207110463_S02_R0_GG1_Cy5	14341
PBM14342	ME	pTH15541	YY1	2019-07-17	Pass_matched_pair		2019-07-17_252207110463_S02_R0_GG2_Cy5	14342
PBM14343	ME	pTH15542	GCM1	2019-07-17	Pass_matched_pair		2019-07-17_252207110463_S02_R0_GH1_Cy5	14343
PBM14344	ME	pTH15544	NR4A2	2019-07-17	Pass_matched_pair		2019-07-17_252207110463_S02_R0_GH2_Cy5	14344
PBM14434	ME	pTH15561	SOX5	2019-10-31	Pass_matched_pair		2019-10-31_252207110466_S02_R0_GE2_Cy5	14434
PBM14435	ME	pTH15569	CTCF	2019-10-31	Reject		2019-10-31_252207110466_S02_R0_GF1_Cy5	14435
PBM14436	ME	pTH15573	NFKB1	2019-10-31	Reject		2019-10-31_252207110466_S02_R0_GF2_Cy5	14436
PBM14317	HK	pTH15518	MAX	2019-06-27	Pass_matched_pair		2019-06-27_252436510640_S02_R0_GC1_Cy5	14317
PBM14318	HK	pTH15519	SRY	2019-06-27	Pass_matched_pair		2019-06-27_252436510640_S02_R0_GC2_Cy5	14318
PBM14319	HK	pTH15520	SOX15	2019-06-27	Pass_matched_pair		2019-06-27_252436510640_S02_R0_GD1_Cy5	14319
PBM14377	HK	pTH15521	MYF6	2019-07-25	Pass_matched_pair		2019-07-25_252436510642_S02_R0_GA1_Cy5	14377
PBM14378	HK	pTH15522	SOX2	2019-07-25	Pass_matched_pair		2019-07-25_252436510642_S02_R0_GA2_Cy5	14378
PBM14345	HK	pTH15523	JUNB	2019-07-17	Pass_matched_pair		2019-07-17_252436510641_S02_R0_GA1_Cy5	14345
PBM14346	HK	pTH15524	POU5F1	2019-07-17	Reject		2019-07-17_252436510641_S02_R0_GA2_Cy5	14346
PBM14320	HK	pTH15525	ZSCAN4	2019-06-27	Pass_matched_pair		2019-06-27_252436510640_S02_R0_GD2_Cy5	14320
PBM14321	HK	pTH15526	RXRA	2019-06-27	Pass_matched_pair		2019-06-27_252436510640_S02_R0_GE1_Cy5	14321
PBM14347	HK	pTH15530	FOSL2	2019-07-17	Pass_matched_pair		2019-07-17_252436510641_S02_R0_GB1_Cy5	14347
PBM14348	HK	pTH15531	LHX6	2019-07-17	Pass_matched_pair		2019-07-17_252436510641_S02_R0_GB2_Cy5	14348
PBM14349	HK	pTH15532	LEF1	2019-07-17	Pass_matched_pair		2019-07-17_252436510641_S02_R0_GC1_Cy5	14349
PBM14350	HK	pTH15533	VDR	2019-07-17	Pass_matched_pair		2019-07-17_252436510641_S02_R0_GC2_Cy5	14350
PBM14351	HK	pTH15534	FLI1	2019-07-17	Pass_matched_pair		2019-07-17_252436510641_S02_R0_GD1_Cy5	14351
PBM14352	HK	pTH15535	GABPA	2019-07-17	Pass_matched_pair		2019-07-17_252436510641_S02_R0_GD2_Cy5	14352
PBM14353	HK	pTH15536	RORB	2019-07-17	Pass_matched_pair		2019-07-17_252436510641_S02_R0_GE1_Cy5	14353
PBM14354	HK	pTH15537	RARA	2019-07-17	Pass_matched_pair		2019-07-17_252436510641_S02_R0_GE2_Cy5	14354
PBM14355	HK	pTH15538	NR1H4	2019-07-17	Pass_matched_pair		2019-07-17_252436510641_S02_R0_GF1_Cy5	14355
PBM14356	HK	pTH15539	PAX7	2019-07-17	Pass_matched_pair		2019-07-17_252436510641_S02_R0_GF2_Cy5	14356
PBM14357	HK	pTH15540	cJUN	2019-07-17	Pass_matched_pair		2019-07-17_252436510641_S02_R0_GG1_Cy5	14357
PBM14358	HK	pTH15541	YY1	2019-07-17	Pass_matched_pair		2019-07-17_252436510641_S02_R0_GG2_Cy5	14358
PBM14359	HK	pTH15542	GCM1	2019-07-17	Pass_matched_pair		2019-07-17_252436510641_S02_R0_GH1_Cy5	14359
PBM14360	HK	pTH15544	NR4A2	2019-07-17	Pass_matched_pair		2019-07-17_252436510641_S02_R0_GH2_Cy5	14360
PBM14450	HK	pTH15561	SOX5	2019-10-31	Pass_matched_pair		2019-10-31_252436510644_S02_R0_GE2_Cy5	14450
PBM14451	HK	pTH15569	CTCF	2019-10-31	Unsure		2019-10-31_252436510644_S02_R0_GF1_Cy5	14451
PBM14452	HK	pTH15573	NFKB1	2019-10-31	Reject		2019-10-31_252436510644_S02_R0_GF2_Cy5	14452
