ID	TF	Peaks(/mnt/space/ivanyev/egrid/dfs/ctrl-subsampled0.1/peaks-interval)	RawFiles(/mnt/space/hughes/June1st2021/ChipSeq/)	macs2-single-end-peak-count	macs2-paired-end-peak-count	gem-peak-count	sissrs-peak-count	cpics-peak-count	QC.estFragLen	QC.FRiP_MACS2-SE	QC.FRiP_MACS2-PE	QC.FRiP_GEM	QC.FRiP_SISSRS	QC.FRiP_CPICS	QC.NRF	QC.NSC	QC.PBC1	QC.PBC2	QC.RSC	align_count	align_percent	read_count
EXP997000	PHF20	PEAKS997000	SI2080.fastq.gz	18553	NA	2499	12876	94481	135	0.03428520721	NA	0.01003491231	0.01428762111	0.1143843553	0.814108	1.289326	0.811222	5.196465	1.723052	6727733	56.83639356	11837016
EXP997001	PHF20	PEAKS997001	SI2081.fastq.gz	61805	NA	10898	81291	125111	135	0.1578003016	NA	0.03370686548	0.1065668461	0.1930487045	0.528071	2.481797	0.518473	2.077929	7.335874	7755254	70.78744736	10955691
EXP997002	ZNF367	PEAKS997002	SI2090.fastq.gz	76724	NA	37933	29880	436425	140	0.1106657942	NA	0.06440149661	0.02494074191	0.2359266001	0.78164	1.415444	0.775667	4.305806	2.366553	22333679	88.80947898	25147855
EXP997003	ZNF367	PEAKS997003	SI2091.fastq.gz	64607	NA	27524	40368	459601	140	0.1139052045	NA	0.06155737619	0.03260093757	0.2874942136	0.497399	1.750729	0.459425	1.671405	3.340647	23713019	89.39015179	26527552
EXP997004	CONTROL	CONTROL	SI2109.fastq.gz	CONTROL	CONTROL	CONTROL	CONTROL	CONTROL	140	CONTROL	CONTROL	CONTROL	CONTROL	CONTROL	0.837616	1.193957	0.838542	6.083649	0.9719916	10798185	59.38770554	18182526
EXP997005	CONTROL	CONTROL	SI2114.fastq.gz	CONTROL	CONTROL	CONTROL	CONTROL	CONTROL	145	CONTROL	CONTROL	CONTROL	CONTROL	CONTROL	0.449449	1.668632	0.411737	1.570743	11.64704	15152859	79.37208153	19090918
EXP997006	ADNP2	PEAKS997004	Plate_1_A1_S1_R2_001.fastq.gz	37982	NA	19835	16141	125019	160	0.05063360726	NA	0.02583996631	0.01124988995	0.07219641088	0.929714	1.088344	0.930323	14.365362	1.531264	25103127	85.62693227	29316859
EXP997007	TIGD4	PEAKS997005	Plate_1_C1_S3_R2_001.fastq.gz	67410	NA	27321	23396	136240	165	0.1236776495	NA	0.05069363445	0.02412738778	0.09518147224	0.917792	1.288039	0.91946	12.537936	1.499021	24418019	88.34964099	27637938
EXP997008	ZBTB47	PEAKS997006	Plate_1_H1_S8_R1_001.fastq.gz	2216	NA	277	354	0	150	0.002354848426	NA	0.001398371732	0.0001972961788	0	0.904208	1.024252	0.905128	10.492603	0.9891231	36361674	88.5606402	41058504
EXP997009	ZNF428	PEAKS997007	Plate_1_B2_S10_R2_001.fastq.gz	5	NA	1	52	12	160	0.0005212325617	NA	2.16E-05	0.000708804141	0.0003336609824	0.934073	1.254211	0.933736	15.015188	1.681769	554455	84.70522633	654570
EXP997010	ZSCAN12	PEAKS997008	Plate_1_C2_S11_R1_001.fastq.gz	31616	NA	7896	12416	121105	165	0.04437702216	NA	0.01136457844	0.01017252329	0.05783988111	0.89559	1.079959	0.895472	9.508295	1.481756	25053433	88.50178774	28308392
EXP997011	ZSCAN2	PEAKS997009	Plate_1_D2_S12_R1_001.fastq.gz	349	NA	31	346	195	180	0.006507665738	NA	0.0009705343236	0.003163772369	0.004441571927	0.923732	1.470861	0.923306	12.959026	3.290332	471908	86.55368475	545220
EXP997012	ZNF215	PEAKS997010	Plate_1_F2_S14_R2_001.fastq.gz	3700	NA	1217	3772	136122	170	0.007916694654	NA	0.003497970515	0.003369849671	0.08019935708	0.94082	1.04184	0.94105	16.977844	0.8707996	11418944	85.20946939	13401027
EXP997013	ZBTB41	PEAKS997011	Plate_1_H2_S16_R2_001.fastq.gz	24755	NA	5567	8943	4	175	0.0375689951	NA	0.01053917455	0.006727927762	0.000162852369	0.925512	1.074704	0.926992	13.763238	1.410714	34307265	85.35055079	40195716
EXP997014	ZNF428	PEAKS997012	Plate_1_A4_S25_R1_001.fastq.gz	1151	NA	96	818	334667	175	0.001574414562	NA	0.0002638520732	0.0003845845353	0.1196207152	0.935779	1.011171	0.935859	15.53447	0.6319627	20234849	87.79821732	23046993
EXP997015	TERB1	PEAKS997013	Plate_1_C4_S27_R1_001.fastq.gz	11760	NA	2870	7992	282033	165	0.01659727197	NA	0.004026759174	0.006055082656	0.1139721746	0.929038	1.02852	0.929473	14.153041	0.9804878	18536061	86.99494196	21307056
EXP997016	RFX5	PEAKS997014	Plate_1_D4_S28_R1_001.fastq.gz	53222	NA	23863	16608	26815	165	0.1086801734	NA	0.05584273514	0.01934678714	0.04679469436	0.914195	1.384125	0.918177	12.527748	1.860867	29859993	87.9477609	33951965
EXP997017	PEG3	PEAKS997015	Plate_1_G4_S31_R2_001.fastq.gz	4143	NA	1125	4159	182719	165	0.007267495002	NA	0.001658164695	0.003380330899	0.0925696799	0.925853	1.026566	0.9257	13.379508	1.057532	12937245	87.42737472	14797705
EXP997018	DNTTIP1	PEAKS997016	Plate_1_A5_S33_R1_001.fastq.gz	40516	NA	7422	8485	0	145	0.04002318755	NA	0.006342940565	0.005029447285	0	0.912097	1.038047	0.911967	11.303158	1.12826	37906576	88.19411531	42980845
EXP997019	THYN1	PEAKS997017	Plate_1_F5_S38_R2_001.fastq.gz	23	NA	50	54	0	165	8.48E-05	NA	0.0001049755356	4.92E-05	0	0.916568	1.014918	0.916297	11.891916	1.002671	26244232	87.38479279	30032951
EXP997020	RFX8	PEAKS997018	Plate_1_C7_S51_R2_001.fastq.gz	58	NA	80	212	279549	155	0.001179552006	NA	0.0006045037428	0.0004331021745	0.1262459851	0.821933	1.064778	0.819185	5.42481	4.00309	15005721	84.61309876	17734513
EXP997021	ZNF318	PEAKS997019	Plate_1_E8_S61_R1_001.fastq.gz	75	NA	71	189	285938	150	0.0007643420033	NA	0.0002802815774	0.0002196027029	0.1139825246	0.92243	1.014691	0.922337	12.807029	0.8555346	16051726	87.38675445	18368603
EXP997022	AKAP8	PEAKS997020	Plate_1_F8_S62_R1_001.fastq.gz	554	NA	246	864	227701	155	0.001715681222	NA	0.0007735977014	0.0008204030484	0.0973605612	0.933439	1.015053	0.933782	15.098888	0.9251111	14891486	87.12409252	17092271
EXP997023	ZSCAN18	PEAKS997021	Plate_1_H8_S64_R1_001.fastq.gz	3088	NA	966	3175	172779	165	0.005761814199	NA	0.001573386694	0.0024773242	0.08791697759	0.932456	1.022231	0.93267	14.823108	0.8596943	12700031	88.37315508	14370915
EXP997024	SMYD3	PEAKS997022	Plate_1_A9_S65_R2_001.fastq.gz	44	NA	46	128	51269	160	0.0009245545503	NA	0.0003701069395	0.0003226235899	0.03320511732	0.929696	1.022096	0.929583	14.136081	0.6632118	9119003	86.21683598	10576824
EXP997025	ZSCAN12	PEAKS997023	Plate_1_B9_S66_R2_001.fastq.gz	866	NA	143	651	1217	150	0.005595604703	NA	0.001684730443	0.002655075188	0.005777075668	0.892926	1.305857	0.891941	9.158173	2.546311	2000322	79.07836353	2529544
EXP997026	AKAP8	PEAKS997024	Plate_1_C9_S67_R1_001.fastq.gz	111	NA	116	139	296506	135	0.001891274391	NA	0.0006129885409	0.0004641693197	0.1041410265	0.936041	1.006289	0.936512	15.711702	0.4372692	19365802	87.19781905	22209044
EXP997027	ANKZF1	PEAKS997025	Plate_1_D9_S68_R1_001.fastq.gz	138	NA	227	196	0	155	0.0003621331104	NA	0.000803563538	0.000328249158	0	0.934792	1.005339	0.935603	15.470393	0.3438732	38336826	86.46519555	44337870
EXP997028	TIGD5	PEAKS997026	Plate_1_E9_S69_R2_001.fastq.gz	18675	NA	2588	9427	219705	150	0.02404425952	NA	0.003237706344	0.007357235778	0.0819158023	0.937097	1.026752	0.937232	15.887908	0.91701	22273215	86.50561545	25747710
EXP997029	ZNF318	PEAKS997027	Plate_1_F9_S70_R1_001.fastq.gz	3343	NA	310	2239	257336	155	0.00409259801	NA	0.0005900441597	0.001498657395	0.09223908088	0.911956	1.019118	0.911541	11.228904	1.028488	22274647	87.34942965	25500621
EXP997030	ZSCAN4	PEAKS997028	Plate_1_H9_S72_R2_001.fastq.gz	1758	NA	733	2388	121456	160	0.004723673331	NA	0.002147237211	0.001927380309	0.0787930812	0.873258	1.087076	0.872134	7.726403	2.181359	10461359	84.02147297	12450816
EXP997031	TIGD4	PEAKS997029	Plate_1_A10_S73_R2_001.fastq.gz	1902	NA	1239	1700	403808	130	0.004352089298	NA	0.001848696129	0.001238858819	0.1605368029	0.923316	1.025538	0.923894	13.097037	1.033204	17253799	87.54177804	19709217
EXP997032	ZBTB47	PEAKS997030	Plate_1_E10_S77_R2_001.fastq.gz	20780	NA	9454	11531	318866	150	0.0285213538	NA	0.01390061877	0.008112279353	0.1331793532	0.933289	1.066338	0.933513	15.007627	1.320561	19664912	86.34728114	22774211
EXP997033	BATF2	PEAKS997031	Plate_1_B11_S82_R2_001.fastq.gz	20146	NA	8075	15653	111079	165	0.03840563894	NA	0.01654324422	0.01454228259	0.09303254625	0.925702	1.087677	0.925438	13.330707	1.205233	10230599	87.13080165	11741656
EXP997034	BATF2	PEAKS997032	Plate_1_C11_S83_R1_001.fastq.gz	21495	NA	6803	16924	42611	170	0.05842729096	NA	0.02206106388	0.02260028089	0.07905803743	0.928989	1.175552	0.928677	13.945261	1.391386	5530250	88.53542137	6246370
EXP997035	ZNF215	PEAKS997033	Plate_1_F11_S86_R1_001.fastq.gz	1613	NA	994	2057	259865	160	0.004195656901	NA	0.002232602484	0.00178433874	0.1140161456	0.914017	1.038245	0.914199	11.618909	1.317392	15258909	87.18922191	17500912
EXP997036	ADNP2	PEAKS997034	Plate_1_G11_S87_R1_001.fastq.gz	12774	NA	5269	9702	78100	155	0.02537499553	NA	0.01122441233	0.009400007145	0.07192367462	0.932703	1.077867	0.932615	14.781718	1.129614	8957452	87.08702712	10285633
EXP997037	RFX5	PEAKS997035	Plate_1_H11_S88_R2_001.fastq.gz	39574	NA	18599	22000	282527	155	0.09555103996	NA	0.05076080672	0.02679616937	0.1609545159	0.91251	1.391033	0.914161	11.754058	1.748079	17014129	86.97069819	19563059
EXP997038	TRAFD1	PEAKS997036	Plate_2_C1_S99_R1_001.fastq.gz	55	NA	14	449	24619	135	0.001579714767	NA	0.0001423166457	0.001224535267	0.02379870978	0.837606	1.065756	0.835656	5.984098	1.624712	6534728	87.68536297	7452473
EXP997039	ZBTB8A	PEAKS997037	Plate_2_A2_S105_R2_001.fastq.gz	26544	NA	25752	9801	8418	140	0.1594849913	NA	0.08144536496	0.02887226123	0.04485412797	0.600221	1.778606	0.587945	2.298536	1.269579	51726882	87.03382359	59433080
EXP997040	TRAFD1	PEAKS997038	Plate_2_B2_S106_R2_001.fastq.gz	75	NA	40	411	205158	170	0.0008279459441	NA	0.0001274644203	0.0002434730809	0.099994043	0.885749	1.042329	0.884892	8.599931	2.206127	13093883	83.93429195	15600159
EXP997041	ZBTB46	PEAKS997039	Plate_2_C2_S107_R2_001.fastq.gz	18128	NA	4905	12335	312885	165	0.03412948557	NA	0.00924180217	0.01285725534	0.131037545	0.873326	1.075481	0.872213	7.728924	1.602568	18656915	85.91892987	21714557
EXP997042	TIGD5	PEAKS997040	Plate_2_D2_S108_R1_001.fastq.gz	3	NA	2	56	4	120	0.001401572876	NA	0.0001668539138	0.002185786271	0.001051179657	0.872506	1.96632	0.871341	7.701477	1.294874	179798	87.58201772	205291
EXP997043	ZSCAN18	PEAKS997041	Plate_2_F2_S110_R2_001.fastq.gz	125	NA	66	421	238587	160	0.001823462727	NA	0.0003941898429	0.0003284794744	0.1120916848	0.859288	1.055015	0.857891	6.94428	3.001414	13818258	86.6245655	15951893
EXP997044	AC008770	PEAKS997042	Plate_2_G2_S111_R2_001.fastq.gz	486	NA	367	862	335091	170	0.002137263538	NA	0.001160155117	0.000777948459	0.129835967	0.879063	1.037921	0.878479	8.144043	2.404705	18618247	85.94919232	21661922
EXP997045	ZBED3	PEAKS997043	Plate_2_C3_S115_R1_001.fastq.gz	79	NA	33	535	379701	155	0.0008769250859	NA	9.68E-05	0.0002446519543	0.1542632608	0.845166	1.055812	0.842831	6.249023	3.217828	16954737	86.44075548	19614286
EXP997046	ZBTB8B	PEAKS997044	Plate_2_D3_S116_R2_001.fastq.gz	22009	NA	11741	13818	98398	160	0.05497018707	NA	0.02572786391	0.01647912435	0.05678363201	0.777912	1.17817	0.772738	4.273302	1.945018	28168548	85.69999252	32868787
EXP997047	ARHGAP35	PEAKS997045	Plate_2_E3_S117_R1_001.fastq.gz	101	NA	31	1537	474081	160	0.001174411494	NA	0.0002734733916	0.0006270046088	0.2092525222	0.714099	1.151132	0.700618	3.159741	7.17514	17387485	85.64827711	20301033
EXP997048	ZBTB8B	PEAKS997046	Plate_2_C4_S123_R2_001.fastq.gz	169	NA	265	200	0	130	0.0005931345295	NA	0.001274322597	0.0002331143039	0	0.903925	1.012578	0.904447	10.376043	0.6773465	39328401	87.10960056	45148182
EXP997049	ZSCAN25	PEAKS997047	Plate_2_G4_S127_R1_001.fastq.gz	41611	NA	15460	31389	159530	155	0.1192032172	NA	0.0393361316	0.04600569449	0.1286785962	0.864019	1.263733	0.863029	7.22264	1.356609	11826886	85.84788323	13776561
EXP997050	ZBTB8A	PEAKS997048	Plate_2_B5_S130_R1_001.fastq.gz	59362	NA	44087	23166	75808	150	0.4844238675	NA	0.2367838014	0.07925716707	0.1815560352	0.791747	3.695603	0.82116	6.284816	1.248506	23123456	88.41197401	26154213
EXP997051	ZBTB40	PEAKS997049	Plate_2_F5_S134_R2_001.fastq.gz	67032	NA	31140	38110	130985	160	0.2375888328	NA	0.1506060681	0.05953214665	0.2534910493	0.881279	3.118737	0.89231	9.711208	1.735306	9697024	89.37992679	10849219
EXP997052	TBPL1	PEAKS997050	Plate_2_G5_S135_R1_001.fastq.gz	42805	NA	17303	21010	230150	155	0.09016488153	NA	0.03239552614	0.02587766891	0.1071795197	0.90136	1.153275	0.900931	10.010441	1.42485	21991166	88.72363794	24786141
EXP997053	THYN1	PEAKS997051	Plate_2_H5_S136_R2_001.fastq.gz	333	NA	55	919	189357	170	0.0009350393701	NA	0.000233156007	0.0005319791314	0.08962610502	0.940825	1.010096	0.940797	16.830306	0.4914794	13248660	87.35894966	15165773
EXP997054	DNTTIP1	PEAKS997052	Plate_2_C6_S139_R1_001.fastq.gz	3423	NA	253	3171	43664	155	0.006135353616	NA	0.0006108425855	0.002724887847	0.04458229282	0.925004	1.034583	0.924201	13.039751	0.8508673	6944509	88.09599984	7882888
EXP997055	ZSCAN4	PEAKS997053	Plate_2_D6_S140_R1_001.fastq.gz	58655	NA	18842	23511	150490	145	0.09503337676	NA	0.02303437346	0.02447876977	0.07803559569	0.914998	1.092855	0.914762	11.64777	1.214581	23694363	88.30270556	26833111
EXP997056	SAFB2	PEAKS997054	Plate_2_E6_S141_R1_001.fastq.gz	446	NA	56	969	154343	175	0.001544126855	NA	0.0003955964243	0.0008453503647	0.08238361427	0.923254	1.011483	0.922763	12.807443	0.5532612	11762009	88.24542834	13328746
EXP997057	ZBTB41	PEAKS997055	Plate_2_G6_S143_R1_001.fastq.gz	76895	NA	34600	34840	200739	155	0.3028172405	NA	0.1281906288	0.06203232069	0.1640262185	0.876781	2.112621	0.88813	9.443477	1.382451	19732020	89.65214395	22009535
EXP997058	THAP11	PEAKS997056	Plate_2_A7_S145_R1_001.fastq.gz	1664	NA	4	1848	2675	130	0.007677704849	NA	0.000276245505	0.005977027546	0.009379254966	0.798529	1.196569	0.795085	4.759671	2.22817	2291449	83.59465376	2741143
EXP997059	RFX8	PEAKS997057	Plate_2_B7_S146_R2_001.fastq.gz	80	NA	153	201	144506	170	0.0008250861562	NA	0.0007410445699	0.0003102181885	0.05648580342	0.791684	1.066052	0.785129	4.479915	4.952402	27593544	85.62989128	32224196
EXP997060	ZBTB46	PEAKS997058	Plate_2_C7_S147_R2_001.fastq.gz	4058	NA	4	6872	11330	125	0.01081948913	NA	0.000194240489	0.01255082114	0.02425120559	0.682044	1.181134	0.670391	2.898374	2.844239	3742789	86.15514832	4344243
EXP997061	ZBTB40	PEAKS997059	Plate_2_E7_S149_R1_001.fastq.gz	30228	NA	23541	18101	299762	150	0.1105875251	NA	0.08955033933	0.03093451409	0.2044323738	0.873555	1.925237	0.884832	9.042131	2.05886	19321892	87.47348833	22088855
EXP997062	TERB1	PEAKS997060	Plate_2_F7_S150_R2_001.fastq.gz	151	NA	226	216	56724	140	0.001092838978	NA	0.0005860662108	0.0002043305689	0.02307000879	0.780725	1.036632	0.774376	4.279599	1.973528	30343019	85.72949132	35393910
EXP997063	PEG3	PEAKS997061	Plate_2_F8_S158_R1_001.fastq.gz	242	NA	67	25367	158455	170	0.001821106125	NA	0.0007529664519	0.01871878769	0.1347196849	0.490233	1.584499	0.441214	1.583444	10.00712	10552953	85.52628358	12338842
EXP997064	ANKZF1	PEAKS997062	Plate_2_G8_S159_R2_001.fastq.gz	33323	NA	1346	12543	248071	155	0.04563302174	NA	0.004045966501	0.01033065192	0.150975706	0.920694	1.060313	0.921984	12.821523	0.9834825	12327641	58.00038326	21254413
EXP997065	ARHGAP35	PEAKS997063	Plate_2_A9_S161_R1_001.fastq.gz	81	NA	84	157	110095	155	0.0009333085781	NA	0.0002183804401	9.87E-05	0.04045289791	0.898185	1.020248	0.897808	9.703399	1.317102	25858619	85.91148498	30099141
EXP997066	AC008770	PEAKS997064	Plate_2_B9_S162_R2_001.fastq.gz	4074	NA	1785	3577	265677	170	0.006526611358	NA	0.002831496841	0.002586789874	0.1199674266	0.899018	1.042127	0.898838	9.817338	1.956147	15259099	85.11224715	17928206
EXP997067	ZBED3	PEAKS997065	Plate_2_D9_S164_R2_001.fastq.gz	59	NA	64	123	308524	155	0.001265522776	NA	0.0003093675722	9.88E-05	0.1238261064	0.871237	1.023088	0.870168	7.596733	1.289087	17716825	86.26320905	20538101
EXP997068	TBPL1	PEAKS997066	Plate_2_A10_S169_R2_001.fastq.gz	3421	NA	2288	3822	171348	160	0.008004028669	NA	0.004485686262	0.003346276734	0.09073993158	0.912948	1.035745	0.913075	11.442989	1.117969	12605676	86.69476284	14540297
EXP997069	THAP11	PEAKS997067	Plate_2_F10_S174_R2_001.fastq.gz	17358	NA	5915	12290	240040	165	0.0428847064	NA	0.01445654037	0.01618148929	0.1039390635	0.935116	1.091492	0.935533	15.524738	1.358704	18019704	86.39668968	20856938
EXP997070	SMYD3	PEAKS997068	Plate_2_G10_S175_R1_001.fastq.gz	63	NA	67	161	259643	160	0.00168749354	NA	0.001046095125	0.0002844769827	0.1175941266	0.865522	1.029378	0.864484	7.280253	1.704542	14714771	87.59036785	16799531
EXP997071	ZSCAN2	PEAKS997069	Plate_2_D11_S180_R1_001.fastq.gz	22797	NA	4725	15694	109854	165	0.0470142883	NA	0.01226024654	0.0167484478	0.09390404895	0.926306	1.118484	0.926047	13.464299	1.385046	9604310	87.78059362	10941268
EXP997072	ZSCAN25	PEAKS997070	Plate_2_F11_S182_R2_001.fastq.gz	46701	NA	14357	35663	67697	165	0.1717008978	NA	0.04997272551	0.06196329581	0.1241968675	0.918467	1.403295	0.91844	12.245864	1.371578	6075280	87.18872727	6967965
EXP997073	SAFB2	PEAKS997071	Plate_2_G11_S183_R2_001.fastq.gz	683	NA	39	1052	43260	170	0.002061422149	NA	0.0003204261374	0.001066267317	0.03830191225	0.91853	1.045639	0.918178	12.15082	1.164395	7143626	87.37291339	8176019
EXP997074	TRAFD1	PEAKS997072	Plate_2_A12_S185_R1_001.fastq.gz	40	NA	16	182	4894	135	0.00179403056	NA	0.0002127443046	0.001407795455	0.007594583986	0.87133	1.079564	0.87037	7.618187	1.755675	4127033	87.86402496	4697068
EXP997075	ZBTB8A	PEAKS997073	Plate_2_D12_S188_R2_001.fastq.gz	17286	NA	11635	16828	307639	145	0.07050451982	NA	0.02984945791	0.02982108936	0.1501455351	0.796573	1.240987	0.792791	4.711914	1.453771	18118686	86.61511546	20918619
EXP997076	TIGD5	PEAKS997074	Plate_2_E12_S189_R2_001.fastq.gz	NA	NA	0	12	12	-40	NA	NA	0	0.001125697857	0.002114486514	0.939729	1.980079	0.939417	16.398017	0.7756615	65737	67.9038106	96809
EXP997077	ZSCAN25	PEAKS997075	Plate_2_F12_S190_R1_001.fastq.gz	20298	NA	4514	10619	22096	150	0.07860707106	NA	0.02193107791	0.02548810897	0.07037711476	0.930895	1.274232	0.93059	14.332235	1.224929	3166973	85.41608398	3707701
EXP997078	ELF3	PEAKS997076	ELF3ChIP1_IGO_10521_3_S39_R1_001.fastq.gz	72830	NA	21678	16996	247122	220	0.0956487978	NA	0.02988716418	0.0120294483	0.1231003504	0.894717	1.075807	0.893217	9.208927	1.529638	24836910	88.1647742	28171013
EXP997079	BHLHA9	PEAKS997077	BHLHA9ChIP1_IGO_10521_6_S89_R1_001.fastq.gz	7747	NA	2432	3581	0	210	0.008901981816	NA	0.002819630384	0.001764734423	0	0.885156	1.011137	0.88264	8.286516	0.5666757	29102477	87.62502176	33212519
EXP997080	AC092835	PEAKS997078	AC092835ChIP1_IGO_10521_7_S90_R1_001.fastq.gz	5361	NA	1887	2388	22	210	0.009605280525	NA	0.004316663362	0.001626853353	0.0004227638829	0.882778	1.029558	0.880673	8.179727	1.036894	26790438	87.30890775	30684656
EXP997081	DZIP1	PEAKS997079	DZIP1ChIP1_IGO_10521_8_S47_R2_001.fastq.gz	455	NA	119	603	326319	160	0.003583904716	NA	0.0003297247508	0.0004321881297	0.1189446334	0.827726	1.015898	0.824752	5.583557	0.8862274	22476427	84.89862482	26474430
EXP997082	ELF3	PEAKS997080	ELF3ChIP2_IGO_10521_11_S62_R1_001.fastq.gz	88324	NA	29631	27673	260706	250	0.1759453949	NA	0.0565536865	0.02631382868	0.1415019288	0.901792	1.153616	0.900297	9.858971	1.536597	21943335	89.78891069	24438803
EXP997083	BHLHA9	PEAKS997081	BHLHA9ChIP2_IGO_10521_14_S70_R1_001.fastq.gz	70741	NA	18043	20071	81779	200	0.1242866282	NA	0.0276313808	0.01906731576	0.05129290065	0.890254	1.087819	0.888333	8.771263	1.293336	26921138	89.58634389	30050493
EXP997084	AC092835	PEAKS997082	AC092835ChIP2_IGO_10521_15_S98_R1_001.fastq.gz	31750	NA	7074	15369	301251	270	0.07492113972	NA	0.01734211987	0.01666939589	0.1255852102	0.891571	1.107098	0.891124	9.110172	1.832695	19535657	89.03051108	21942654
EXP997085	DZIP1	PEAKS997083	DZIP1ChIP2_IGO_10521_16_S45_R2_001.fastq.gz	141	NA	167	183	0	145	0.001743184921	NA	0.0004685030133	0.0002471692424	0	0.818192	1.012589	0.814392	5.248767	0.7611535	30307243	84.65460628	35801056
EXP997086	ZNF500	PEAKS997084	ZNF500ChIP1_IGO_10521_18_S73_R2_001.fastq.gz	8805	NA	1244	3039	0	205	0.01215103953	NA	0.001999165279	0.00222762227	0	0.882345	1.01261	0.879756	8.084595	0.565743	30010103	84.61424509	35466963
EXP997087	ZNF503	PEAKS997085	ZNF503ChIP1_IGO_10521_19_S74_R1_001.fastq.gz	1223	NA	189	993	94655	160	0.002062765926	NA	0.0003630594587	0.0005629974315	0.03684988789	0.832791	1.012493	0.830216	5.770987	0.6709522	27813697	87.91742424	31636160
EXP997088	ZNF507	PEAKS997086	ZNF507ChIP1_IGO_10521_20_S35_R2_001.fastq.gz	3020	NA	1838	2389	108013	160	0.007134198648	NA	0.003338047909	0.001821949458	0.04330534032	0.87845	1.017644	0.876656	7.930909	0.7961365	25234581	84.77157435	29767739
EXP997089	ZNF446	PEAKS997087	ZNF446ChIP1_IGO_10521_21_S100_R1_001.fastq.gz	119	NA	135	170	0	160	0.000872583484	NA	0.0004051512699	0.0002019434328	0	0.885453	1.003769	0.883304	8.34927	0.2609892	27681110	86.98041498	31824532
EXP997090	ZNF606	PEAKS997088	ZNF606ChIP1_IGO_10521_22_S5_R1_001.fastq.gz	148	NA	178	177	0	145	0.0008553992172	NA	0.000474421668	0.0002007808749	0	0.858671	1.005478	0.855901	6.7604	0.3126458	29440099	86.83134522	33904921
EXP997091	ZNF750	PEAKS997089	ZNF750ChIP1_IGO_10521_23_S36_R1_001.fastq.gz	127	NA	187	165	0	140	0.0004433845835	NA	0.0005283663996	0.0001421129108	0	0.844587	1.004498	0.840603	6.067662	0.2648069	36372552	86.89777224	41856714
EXP997092	ZNF827	PEAKS997090	ZNF827ChIP1_IGO_10521_24_S101_R2_001.fastq.gz	10484	NA	2480	3890	3	175	0.01523225023	NA	0.003696452317	0.003198303918	4.39E-05	0.865442	1.018888	0.862596	7.079566	0.6666532	30962722	84.31557471	36722423
EXP997093	ZNF500	PEAKS997091	ZNF500ChIP2_IGO_10521_26_S6_R2_001.fastq.gz	39945	NA	8733	13116	65226	155	0.06381735814	NA	0.01134485902	0.0145729208	0.03781671411	0.720924	1.075275	0.712172	3.345869	1.281647	31569774	83.61588837	37755712
EXP997094	ZNF503	PEAKS997092	ZNF503ChIP2_IGO_10521_27_S102_R2_001.fastq.gz	1114	NA	781	855	62983	140	0.001931697662	NA	0.001035850459	0.0005351755633	0.02517601286	0.873869	1.007388	0.8706	7.482985	0.3963192	26492264	84.30146517	31425627
EXP997095	ZNF507	PEAKS997093	ZNF507ChIP2_IGO_10521_28_S75_R2_001.fastq.gz	45973	NA	15761	16813	1705	200	0.1259796996	NA	0.04196045121	0.02327820482	0.01351139881	0.882447	1.285143	0.882587	8.418749	1.595148	27260990	86.61094559	31475225
EXP997096	ZNF446	PEAKS997094	ZNF446ChIP2_IGO_10521_29_S38_R2_001.fastq.gz	19329	NA	2251	7384	0	220	0.03399488553	NA	0.00325097981	0.007196346947	0	0.880888	1.020012	0.878903	8.080797	0.7249955	29508182	85.4025812	34551862
EXP997097	ZNF606	PEAKS997095	ZNF606ChIP2_IGO_10521_30_S76_R2_001.fastq.gz	23266	NA	8920	9944	70242	195	0.03415801811	NA	0.01311317964	0.006251395092	0.03902504826	0.885215	1.047093	0.883014	8.341063	1.357696	26732193	86.35478854	30956237
EXP997098	ZNF750	PEAKS997096	ZNF750ChIP2_IGO_10521_31_S77_R2_001.fastq.gz	43283	NA	12736	20925	140142	190	0.08638792402	NA	0.01794467295	0.02326214222	0.07112893467	0.900584	1.065815	0.899142	9.731091	1.075316	22468452	86.44952835	25990254
EXP997099	ZNF827	PEAKS997097	ZNF827ChIP2_IGO_10521_32_S78_R2_001.fastq.gz	41077	NA	11795	16373	44194	180	0.08287829083	NA	0.02034828795	0.01847222874	0.03016676792	0.88365	1.096466	0.881652	8.255057	1.207063	27399511	85.50971456	32042571
EXP997100	POGK	PEAKS997098	POGKChIP1_IGO_10521_33_S79_R1_001.fastq.gz	677	NA	360	582	0	220	0.001607331532	NA	0.0007491802598	0.0003694747182	0	0.887167	1.005001	0.884935	8.45817	0.3191975	27466104	87.2113097	31493741
EXP997101	KDM5B	PEAKS997099	KDM5BChIP1_IGO_10521_34_S80_R1_001.fastq.gz	11430	NA	155	4161	0	210	0.0170750648	NA	0.0003871777678	0.003441004894	0	0.887117	1.010126	0.884848	8.457586	0.5436199	26654494	87.66521861	30404868
EXP997102	ZBED5	PEAKS997100	ZBTB5ChIP1_IGO_10521_35_S81_R1_001.fastq.gz	235	NA	173	251	0	0	0.0009937772911	NA	3.67E-06	0.0002699071301	0	0.884651	1.003609	0.882572	8.304086	0.2466761	28898829	86.93425915	33242164
EXP997103	KIN	PEAKS997101	KINChIP1_IGO_10521_37_S103_R2_001.fastq.gz	80	NA	165	144	0	170	0.000672179536	NA	0.000412346024	0.0001472083439	0	0.881471	1.004514	0.879052	8.049252	0.2836216	28279729	85.39834892	33115077
EXP997104	PRDM10	PEAKS997102	PRDM10ChIP1_IGO_10521_38_S104_R2_001.fastq.gz	58282	NA	29772	17992	28331	190	0.1425739538	NA	0.06302445287	0.02360419501	0.04878310517	0.871643	1.275072	0.870451	7.586058	1.574357	30546557	86.20421345	35435109
EXP997105	PRDM13	PEAKS997103	PRDM13ChIP1_IGO_10521_39_S105_R2_001.fastq.gz	22831	NA	10546	10869	5	160	0.03595573505	NA	0.01608083066	0.008784716446	0.0001072992169	0.869406	1.05918	0.866585	7.284598	1.229174	30102804	85.25684503	35308372
EXP997106	CAMTA2	PEAKS997104	CAMTA2ChIP1_IGO_10521_40_S83_R2_001.fastq.gz	66	NA	143	138	0	230	0.0006407405177	NA	0.0003944912284	0.0001641107463	0	0.883648	1.003555	0.881211	8.185967	0.2381245	30059097	85.31043074	35234961
EXP997107	POGK	PEAKS997105	POGKChIP2_IGO_10521_41_S106_R2_001.fastq.gz	9792	NA	4020	5313	113395	160	0.0129681675	NA	0.005510257836	0.003342079281	0.04911606616	0.882344	1.025652	0.880304	8.160402	0.9348042	25425537	84.99871126	29912850
EXP997108	KDM5B	PEAKS997106	KDM5BChIP2_IGO_10521_42_S84_R1_001.fastq.gz	22501	NA	4127	11818	0	220	0.06571179222	NA	0.006176237148	0.01861547411	0	0.86404	1.036949	0.860517	6.94376	0.8548267	32571721	87.68347545	37146932
EXP997109	ZBED5	PEAKS997107	ZBTB5ChIP2_IGO_10521_43_S107_R2_001.fastq.gz	573	NA	339	517	0	200	0.002880072574	NA	0.0007235071188	0.000385392044	0	0.879113	1.005327	0.876345	7.852146	0.3130369	27730318	85.49379872	32435473
EXP997110	KIN	PEAKS997108	KINChIP2_IGO_10521_45_S109_R2_001.fastq.gz	321	NA	211	258	0	155	0.0005020413645	NA	0.0004835819049	0.0001416903372	0	0.866397	1.004939	0.86294	7.060002	0.2886939	35754100	84.9479412	42089425
EXP997111	PRDM10	PEAKS997109	PRDM10ChIP2_IGO_10521_46_S110_R1_001.fastq.gz	68060	NA	37196	19321	44251	175	0.1674727839	NA	0.08122036934	0.02807001324	0.06966819359	0.830965	1.467431	0.83031	5.783294	1.670772	32297264	87.59440453	36871378
EXP997112	PRDM13	PEAKS997110	PRDM13ChIP2_IGO_10521_47_S111_R2_001.fastq.gz	71818	NA	35501	21470	108151	180	0.1484492942	NA	0.06974140203	0.02547468431	0.09427563887	0.870486	1.316348	0.870307	7.610341	1.67312	27311519	84.90790973	32166048
EXP997113	CAMTA2	PEAKS997111	CAMTA2ChIP2_IGO_10521_48_S112_R1_001.fastq.gz	191	NA	177	201	253530	80	0.0009955705676	NA	0.0004674688462	0.0003688307493	0.09023543334	0.889066	1.006396	0.886731	8.593102	0.3607862	21654919	86.67757662	24983300
EXP997114	AKNA	PEAKS997112	AKNAChIP1_IGO_10521_49_S113_R2_001.fastq.gz	119	NA	183	158	0	155	0.0007098400617	NA	0.0005154833198	0.0001702988809	0	0.853855	1.004467	0.849932	6.439135	0.2594383	33793628	84.62505322	39933361
EXP997115	NCOA1	PEAKS997113	NCOA1ChIP1_IGO_10521_50_S85_R2_001.fastq.gz	139	NA	121	251	0	155	0.0007602070097	NA	0.0003173067338	0.0001811625832	0	0.890652	1.00453	0.888683	8.76722	0.3012128	26633585	85.17343252	31269827
EXP997116	ATMIN	PEAKS997114	ATMINChIP1_IGO_10521_52_S87_R1_001.fastq.gz	18208	NA	11088	10679	1372	185	0.05174097994	NA	0.02725732962	0.01099488738	0.009212653283	0.869857	1.148647	0.867823	7.381076	1.595249	32104714	87.33138269	36761944
EXP997117	AKNA	PEAKS997115	AKNAChIP2_IGO_10521_57_S115_R1_001.fastq.gz	27	NA	60	85	48600	220	0.0003829974159	NA	0.0001627709523	8.97E-05	0.01926206831	0.894699	1.004905	0.892819	9.123374	0.3099388	25428476	88.03884439	28883246
EXP997118	NCOA1	PEAKS997116	NCOA1ChIP2_IGO_10521_58_S10_R1_001.fastq.gz	15591	NA	307	5676	43086	235	0.0258325608	NA	0.0006732508283	0.004973671109	0.01914176151	0.849512	1.017269	0.847059	6.403258	0.7133745	27763949	87.99971284	31550045
EXP997119	ATMIN	PEAKS997117	ATMINChIP2_IGO_10521_60_S12_R1_001.fastq.gz	31818	NA	24102	24712	146776	215	0.2160677494	NA	0.1215591186	0.05189361845	0.1579225661	0.852391	2.149996	0.854887	6.927731	1.712263	14350682	88.16637944	16276819
EXP997120	CAMTA1	PEAKS997118	CAMTA1ChIP1_IGO_10521_65_S25_R2_001.fastq.gz	2995	NA	478	1847	218042	200	0.005257470369	NA	0.001129977521	0.001386253387	0.08287799788	0.838155	1.013574	0.836836	6.055513	0.6397166	24114712	83.12326605	29010785
EXP997121	SCML4	PEAKS997119	SCML4ChIP1_IGO_10521_66_S15_R2_001.fastq.gz	8620	NA	796	3561	296656	240	0.01113632367	NA	0.001647767407	0.001863561476	0.1187377998	0.69991	1.017561	0.684413	2.978045	0.5732488	24597608	80.57678673	30526916
EXP997122	THAP2	PEAKS997120	THAP2ChIP1_IGO_10521_67_S16_R2_001.fastq.gz	11118	NA	6704	8623	110190	210	0.04071216368	NA	0.01812090295	0.01186554588	0.05124110726	0.856334	1.0945	0.85434	6.733517	1.361756	24683552	85.69132954	28805192
EXP997123	CAMTA1	PEAKS997121	CAMTA1ChIP2_IGO_10521_73_S21_R1_001.fastq.gz	NA	NA	NA	NA	NA	NA	NA	NA	NA	NA	NA	NA	NA	NA	NA	NA	NA	#VALUE!	13898861
EXP997124	SCML4	PEAKS997122	SCML4ChIP2_IGO_10521_74_S26_R2_001.fastq.gz	29935	NA	921	7182	255300	215	0.03852703893	NA	0.001956288863	0.00562461393	0.09954748933	0.849637	1.016203	0.848268	6.495532	0.4469419	21608825	79.32599924	27240533
EXP997125	THAP2	PEAKS997123	THAP2ChIP2_IGO_10521_75_S57_R2_001.fastq.gz	20391	NA	20181	12948	8197	165	0.1937853824	NA	0.1109730141	0.04157607085	0.06782773031	0.745571	2.37035	0.751368	4.03162	1.356471	28807483	85.00730017	33888246
EXP997126	SNAPC2	PEAKS997124	SNAPC2ChIP2_IGO_10521_87_S25_R2_001.fastq.gz	1387	NA	241	2563	176021	225	0.004192033532	NA	0.002020692358	0.001464082576	0.08370707518	0.521948	1.064403	0.471995	1.640323	2.332437	30727244	86.3574618	35581458
EXP997127	SP110	PEAKS997125	SP110ChIP2_IGO_10521_89_S30_R2_001.fastq.gz	77	NA	43	306	355079	230	0.000415835554	NA	0.0001304714409	0.0001413103299	0.1346321801	0.790361	1.015084	0.787723	4.645079	0.9260171	22234811	84.46038736	26325727
EXP997128	ZNF609	PEAKS997126	ZNF609ChIP1_IGO_10521_90_S120_R1_001.fastq.gz	96	NA	127	134	61621	200	0.001760971764	NA	0.000392449643	0.0001468916216	0.02364729755	0.867714	1.004976	0.86478	7.185687	0.2798321	26625222	87.21101785	30529654
EXP997129	ARID2	PEAKS997127	ARID2ChIP2_IGO_10521_91_S121_R2_001.fastq.gz	8636	NA	1487	3416	0	165	0.0101867924	NA	0.001892347995	0.00221094787	0	0.877292	1.011366	0.874218	7.702551	0.5573751	29868265	85.53211411	34920527
EXP997130	CPXCR1	PEAKS997128	CXCR1ChIP1_IGO_10521_92_S48_R1_001.fastq.gz	904	NA	140	11022	296213	170	0.002996990171	NA	0.0009386780864	0.00509450664	0.1652000395	0.305708	1.147471	0.20961	0.978524	5.138652	30532412	86.54280638	35280127
EXP997131	ZBED5	PEAKS997129	ZBED5ChIP2RE_IGO_10521_154_S71_R1_001.fastq.gz	50334	NA	24859	17996	108739	210	0.1340809209	NA	0.06506768077	0.02060384069	0.08643057832	0.878026	1.393763	0.879736	8.303493	1.715953	24994222	88.42875728	28264812
EXP997132	ZNF428	PEAKS997130	ZNF428ChIP1RE_IGO_10521_155_S4_R1_001.fastq.gz	32031	NA	1032	9242	0	145	0.04179791177	NA	0.001143366899	0.008629553291	0	0.807065	1.032078	0.802612	4.929846	0.9702256	33120634	84.964139	38981898
EXP997133	ZNF428	PEAKS997131	ZNF428ChIP2RE_IGO_10521_156_S33_R2_001.fastq.gz	11535	NA	159	1867	0	185	0.01016641323	NA	0.0003034731485	0.0008255774901	0	0.83453	1.015823	0.831706	5.816817	0.7439818	31871064	84.73534316	37612480
EXP997134	TIGD3	PEAKS997132	TIGD3ChIP2RE_IGO_10521_158_S22_R1_001.fastq.gz	92419	NA	31052	23128	222200	220	0.1571561793	NA	0.05165619626	0.02004649635	0.1372784088	0.759358	1.172575	0.755857	4.025267	1.65928	26000811	89.11364439	29177138
EXP997135	YY1	PEAKS997133	Plate_1_C3_S19_R2_001.fastq.gz	18403	NA	7923	13572	119293	155	0.04065483779	NA	0.02025578309	0.01425746476	0.100993963	0.925562	1.152028	0.925688	13.422694	1.40752	10057836	87.63512523	11476946
EXP997136	YY1	PEAKS997134	Plate_2_H11_S184_R1_001.fastq.gz	25641	NA	10010	21009	105774	170	0.07249492556	NA	0.03162761943	0.02652265307	0.1112899791	0.911724	1.246544	0.911167	11.174497	1.49584	8993611	89.01470103	10103512
EXP997137	YY1	PEAKS997135	YY1ChIP1_IGO_10521_69_S17_R1_001.fastq.gz;YY1ChIP1_IGO_10521_69_S17_R2_001.fastq.gz	NA	20305	7637	10838	163958	220	NA	0.04824737625	0.01488909915	0.009320726248	0.0701441439	0.995482	1.053428	0.995802	248.072403	1.556737	50698134	90.33664844	56121336
EXP997138	YY1	PEAKS997136	YY1ChIP2_IGO_10521_77_S27_R1_001.fastq.gz;YY1ChIP2_IGO_10521_77_S27_R2_001.fastq.gz	NA	35393	12509	14292	185265	200	NA	0.07839014841	0.02408258866	0.01388625981	0.08857147227	0.994098	1.098378	0.994496	191.126354	1.674423	50643610	89.63101802	56502326
EXP997139	CTCF	PEAKS997137	CTCFChIP1_IGO_10521_17_S72_R1_001.fastq.gz;CTCFChIP1_IGO_10521_17_S72_R2_001.fastq.gz	NA	78714	49655	21511	80688	225	NA	0.1483862803	0.07775641731	0.01296638004	0.08647057911	0.989759	1.144999	0.990388	108.550067	2.082949	65909704	91.20465969	72265720
EXP997140	CTCF	PEAKS997138	CTCFChIP2_IGO_10521_25_S37_R1_001.fastq.gz;CTCFChIP2_IGO_10521_25_S37_R2_001.fastq.gz	NA	109155	66842	43664	258096	185	NA	0.2673302661	0.1196694546	0.03688068971	0.2205876738	0.986396	1.313608	0.986976	80.076807	1.659222	53762624	92.19249636	58315618
