ID	TF	Raw files	Peaks (/home_local/ivanyev/egrid/dfs-affyseq/peaks-interval)	QC.estFragLen (max cross-correlation)	QC.FRiP_CPICS	QC.FRiP_GEM	QC.FRiP_MACS2-PEMODE	QC.FRiP_SISSRS	QC.NRF	QC.NSC	QC.PBC1	QC.PBC2	QC.RSC	macs2-pemode-peak-count	gem-peak-count	sissrs-peak-count	cpics-peak-count	align_count	align_percent	read_count	
EXP991000	GLI4	GLI4_AffSeq_IVT_BatchAATBA_Cycle1_R1.fastq.gz;GLI4_AffSeq_IVT_BatchAATBA_Cycle1_R2.fastq.gz	PEAKS991000	105	0,00093	0,00000	0,00084	0,00104	0,999911	1,321589	0,999911	11283,75	1,271106	20	1	12	5	92 602	42,5	217840	1
EXP991001	GLI4	GLI4_AffSeq_IVT_BatchAATBA_Cycle2_R1.fastq.gz;GLI4_AffSeq_IVT_BatchAATBA_Cycle2_R2.fastq.gz	PEAKS991001	90	0,00131	0,00000	0,00276	0,00101	0,999534	1,244194	0,999533	2141,736842	0,8686394	142	1	16	15	267 182	31,4	849920	1
EXP991002	GLI4	GLI4_AffSeq_IVT_BatchAATBA_Cycle3_R1.fastq.gz;GLI4_AffSeq_IVT_BatchAATBA_Cycle3_R2.fastq.gz	PEAKS991002	70	0,00138	5,94E-05	0,00149	0,00298	0,999745	1,038388	0,999753	4191,464286	-3,076469	68	2	32	18	244 560	58,2	420122	1
EXP991003	GLI4	GLI4_AffSeq_Lysate_BatchAATA_Cycle1_R1.fastq.gz;GLI4_AffSeq_Lysate_BatchAATA_Cycle1_R2.fastq.gz	PEAKS991003	90	0,00021	0,00016	0,00151	0,00119	0,999212	1,197251	0,999274	1471,624762	1,045408	41	4	59	23	1 675 448	19,2	8736246	0
EXP991004	GLI4	GLI4_AffSeq_Lysate_BatchAATA_Cycle2_R1.fastq.gz;GLI4_AffSeq_Lysate_BatchAATA_Cycle2_R2.fastq.gz	PEAKS991004	105	0,00581	0,00259	0,00840	0,00717	0,999483	2,800229	0,999509	2152,628571	1,198692	109	12	77	33	156 430	21,1	741430	1
EXP991005	GLI4	GLI4_AffSeq_Lysate_BatchAATA_Cycle3_R1.fastq.gz;GLI4_AffSeq_Lysate_BatchAATA_Cycle3_R2.fastq.gz	PEAKS991005	90	0,05690	0,05153	0,07674	0,04553	0,979401	17,74798	0,987683	122,820513	1,061051	588	205	472	239	444 348	21,7	2051536	0
EXP991006	SNAI1	SNAI1_AffSeq_IVT_BatchAATBA_Cycle1_R1.fastq.gz;SNAI1_AffSeq_IVT_BatchAATBA_Cycle1_R2.fastq.gz	PEAKS991006	70	0,00303	0,00026	0,00409	0,00438	0,999837	1,401318	0,999847	7055,769231	1,159636	106	5	59	27	188 288	42,7	441224	1
EXP991007	SNAI1	SNAI1_AffSeq_IVT_BatchAATBA_Cycle2_R1.fastq.gz;SNAI1_AffSeq_IVT_BatchAATBA_Cycle2_R2.fastq.gz	PEAKS991007	90	0,46232	0,48393	0,65218	0,28807	0,620837	276,0386	0,815362	10,849185	1,156024	1223	779	988	671	798 566	46,7	1710998	0
EXP991008	SNAI1	SNAI1_AffSeq_IVT_BatchAATBA_Cycle3_R1.fastq.gz;SNAI1_AffSeq_IVT_BatchAATBA_Cycle3_R2.fastq.gz	PEAKS991008	85	0,74927	0,71126	0,97911	0,45708	0,376435	1525,411	0,563761	3,672311	1,139709	170	134	167	131	173 936	40,0	435094	1
EXP991009	SNAI1	SNAI1_AffSeq_Lysate_BatchAATA_Cycle1_R1.fastq.gz;SNAI1_AffSeq_Lysate_BatchAATA_Cycle1_R2.fastq.gz	PEAKS991009	105	0,00107	0,00000	0,00014	0,00372	0,999877	1,110486	0,999877	8160,555556	0,786667	2	1	51	12	309 886	24,1	1287250	0
EXP991010	SNAI1	SNAI1_AffSeq_Lysate_BatchAATA_Cycle2_R1.fastq.gz;SNAI1_AffSeq_Lysate_BatchAATA_Cycle2_R2.fastq.gz	PEAKS991010	100	0,00221	0,00000	0,00374	0,00312	0,999859	1,579877	0,999859	7084,555556	0,6266864	81	1	44	19	134 384	25,6	524644	1
EXP991011	SNAI1	SNAI1_AffSeq_Lysate_BatchAATA_Cycle3_R1.fastq.gz;SNAI1_AffSeq_Lysate_BatchAATA_Cycle3_R2.fastq.gz	PEAKS991011	95	0,00512	0,00011	0,01541	0,01090	0,997962	2,346229	0,998362	700,269767	1,009123	405	2	318	67	392 410	31,5	1245984	0
EXP991012	ZFP28	ZFP28_AffSeq_IVT_BatchAATBA_Cycle1_R1.fastq.gz;ZFP28_AffSeq_IVT_BatchAATBA_Cycle1_R2.fastq.gz	PEAKS991012	80	0,00075	0,00000	0,00113	0,00196	0,999769	1,116857	0,999769	4335,727273	2,290445	87	1	24	9	295 774	34,7	852778	1
EXP991013	ZFP28	ZFP28_AffSeq_IVT_BatchAATBA_Cycle2_R1.fastq.gz;ZFP28_AffSeq_IVT_BatchAATBA_Cycle2_R2.fastq.gz	PEAKS991013	70	0,00071	0,00000	0,32531	0,00147	0,999689	2,15599	0,999688	3208,363636	1,000316	10831	1	14	5	76 672	13,9	551752	1
EXP991014	ZFP28	ZFP28_AffSeq_IVT_BatchAATBA_Cycle3_R1.fastq.gz;ZFP28_AffSeq_IVT_BatchAATBA_Cycle3_R2.fastq.gz	PEAKS991014	90	0,00130	0,00000	0,00397	0,00396	0,99921	1,190915	0,999382	1930,385965	2,954156	87	1	61	12	229 458	49,6	462700	1
EXP991015	ZFP28	ZFP28_AffSeq_Lysate_BatchAATA_Cycle1_R1.fastq.gz;ZFP28_AffSeq_Lysate_BatchAATA_Cycle1_R2.fastq.gz	PEAKS991015	95	0,00117	0,00000	0,00037	0,00412	0,999632	1,176373	0,999659	3107,163265	0,8682702	7	1	63	21	644 472	24,4	2641908	0
EXP991016	ZFP28	ZFP28_AffSeq_Lysate_BatchAATA_Cycle2_R1.fastq.gz;ZFP28_AffSeq_Lysate_BatchAATA_Cycle2_R2.fastq.gz	PEAKS991016	105	0,00181	0,00023	0,00162	0,00606	0,999347	1,228087	0,999409	1827,586207	0,9209844	47	4	109	51	1 008 938	18,1	5567112	0
EXP991017	ZFP28	ZFP28_AffSeq_Lysate_BatchAATA_Cycle3_R1.fastq.gz;ZFP28_AffSeq_Lysate_BatchAATA_Cycle3_R2.fastq.gz	PEAKS991017	125	0,00160	0,00063	0,00622	0,00735	0,99944	1,291859	0,99946	1927,146341	0,7061821	187	5	118	28	498 520	20,3	2454786	0
EXP991018	ZFP3	ZFP3_AffSeq_IVT_BatchAATBA_Cycle1_R1.fastq.gz;ZFP3_AffSeq_IVT_BatchAATBA_Cycle1_R2.fastq.gz	PEAKS991018	90	0,00035	0,00000	0,00029	0,00216	0,999584	1,158566	0,999587	2440,017094	1,131208	5	1	39	5	598 782	35,2	1700586	0
EXP991019	ZFP3	ZFP3_AffSeq_IVT_BatchAATBA_Cycle2_R1.fastq.gz;ZFP3_AffSeq_IVT_BatchAATBA_Cycle2_R2.fastq.gz	PEAKS991019	80	0,00385	0,00060	0,29985	0,00304	0,999343	3,340295	0,999343	1521,08	0,7630559	10243	2	23	16	85 060	8,9	953022	1
EXP991020	ZFP3	ZFP3_AffSeq_IVT_BatchAATBA_Cycle3_R1.fastq.gz;ZFP3_AffSeq_IVT_BatchAATBA_Cycle3_R2.fastq.gz	PEAKS991020	75	0,18410	0,11612	0,32878	0,09480	0,836198	169,6189	0,966274	70,119804	1,189021	2385	56	76	96	174 386	44,3	393782	1
EXP991021	ZFP3	ZFP3_AffSeq_Lysate_BatchAATA_Cycle1_R1.fastq.gz;ZFP3_AffSeq_Lysate_BatchAATA_Cycle1_R2.fastq.gz	PEAKS991021	100	0,00181	0,00000	0,00015	0,00332	0,999722	1,194303	0,999727	3743,895833	0,8599134	3	1	47	15	401 650	21,1	1907764	0
EXP991022	ZFP3	ZFP3_AffSeq_Lysate_BatchAATA_Cycle2_R1.fastq.gz;ZFP3_AffSeq_Lysate_BatchAATA_Cycle2_R2.fastq.gz	PEAKS991022	90	0,00597	0,00365	0,00565	0,00872	0,998115	2,096551	0,998521	836,582137	1,137783	116	55	226	119	1 138 610	28,8	3952320	0
EXP991023	ZFP3	ZFP3_AffSeq_Lysate_BatchAATA_Cycle3_R1.fastq.gz;ZFP3_AffSeq_Lysate_BatchAATA_Cycle3_R2.fastq.gz	PEAKS991023	90	0,11231	0,10560	0,12859	0,08044	0,915491	35,80913	0,981734	153,03055	1,175101	196	76	186	88	622 500	30,3	2057094	0
EXP991024	ZIM3	ZIM3_AffSeq_IVT_BatchAATBA_Cycle1_R1.fastq.gz;ZIM3_AffSeq_IVT_BatchAATBA_Cycle1_R2.fastq.gz	PEAKS991024	70	0,00025	0,00000	4,14E-05	0,00217	0,999746	1,169788	0,999746	3941,672131	1,274784	2	1	30	3	499 746	36,5	1368948	0
EXP991025	ZIM3	ZIM3_AffSeq_IVT_BatchAATBA_Cycle2_R1.fastq.gz;ZIM3_AffSeq_IVT_BatchAATBA_Cycle2_R2.fastq.gz	PEAKS991025	75	0,00243	0,00000	0,00473	0,00175	0,999601	1,387815	0,999601	2506,105263	0,7820604	177	1	26	25	203 762	20,6	987230	1
EXP991026	ZIM3	ZIM3_AffSeq_IVT_BatchAATBA_Cycle3_R1.fastq.gz;ZIM3_AffSeq_IVT_BatchAATBA_Cycle3_R2.fastq.gz	PEAKS991026	80	0,00114	0,00000	0,00453	0,00382	0,999528	1,191546	0,999618	3032,113636	0,8998606	137	1	63	11	277 228	46,0	602916	1
EXP991027	ZIM3	ZIM3_AffSeq_Lysate_BatchAATA_Cycle1_R1.fastq.gz;ZIM3_AffSeq_Lysate_BatchAATA_Cycle1_R2.fastq.gz	PEAKS991027	100	0,00143	8,33E-05	0,00023	0,00476	0,999598	1,183852	0,99962	2775,232558	0,9371755	13	2	93	30	743 652	30,9	2410440	0
EXP991028	ZIM3	ZIM3_AffSeq_Lysate_BatchAATA_Cycle2_R1.fastq.gz;ZIM3_AffSeq_Lysate_BatchAATA_Cycle2_R2.fastq.gz	PEAKS991028	90	0,04660	0,01857	0,12275	0,06825	0,991314	15,2505	0,992222	139,641951	1,070357	3016	153	1752	555	304 494	27,7	1098220	0
EXP991029	ZIM3	ZIM3_AffSeq_Lysate_BatchAATA_Cycle3_R1.fastq.gz;ZIM3_AffSeq_Lysate_BatchAATA_Cycle3_R2.fastq.gz	PEAKS991029	-5	0,41034	0,00000	0,59773	0,08739	0,912697	1,203555	0,924965	15,356237	0,001324892	20566	1991	4665	2359	324 926	19,1	1700888	0
EXP991030	ZNF121	ZNF121_AffSeq_IVT_BatchAATBA_Cycle1_R1.fastq.gz;ZNF121_AffSeq_IVT_BatchAATBA_Cycle1_R2.fastq.gz	PEAKS991030	115	0,00177	0,00000	0,00000	0,00193	0,999933	1,106528	0,999933	14919,42857	0,8758144	1	1	22	15	214 890	46,0	467226	1
EXP991031	ZNF121	ZNF121_AffSeq_IVT_BatchAATBA_Cycle2_R1.fastq.gz;ZNF121_AffSeq_IVT_BatchAATBA_Cycle2_R2.fastq.gz	PEAKS991031	75	0,00131	0,00000	0,00428	0,00108	0,999582	1,474951	0,999582	2391,886364	1,231244	196	1	13	13	238 204	21,2	1121206	0
EXP991032	ZNF121	ZNF121_AffSeq_IVT_BatchAATBA_Cycle3_R1.fastq.gz;ZNF121_AffSeq_IVT_BatchAATBA_Cycle3_R2.fastq.gz	PEAKS991032	70	0,00104	0,00000	0,00153	0,00217	0,999706	1,131894	0,999712	3557,255814	1,19295	101	1	35	18	319 252	53,0	602096	1
EXP991033	ZNF121	ZNF121_AffSeq_Lysate_BatchAATA_Cycle1_R1.fastq.gz;ZNF121_AffSeq_Lysate_BatchAATA_Cycle1_R2.fastq.gz	PEAKS991033	95	0,00055	0,00000	0,00040	0,00073	0,999356	1,135803	0,999411	1826,277895	1,004063	15	1	50	36	1 838 140	32,5	5647826	0
EXP991034	ZNF121	ZNF121_AffSeq_Lysate_BatchAATA_Cycle2_R1.fastq.gz;ZNF121_AffSeq_Lysate_BatchAATA_Cycle2_R2.fastq.gz	PEAKS991034	100	0,00171	0,00048	0,00253	0,00711	0,999179	1,247665	0,999281	1523,614958	1,072857	64	6	145	59	1 180 520	30,8	3829930	0
EXP991035	ZNF121	ZNF121_AffSeq_Lysate_BatchAATA_Cycle3_R1.fastq.gz;ZNF121_AffSeq_Lysate_BatchAATA_Cycle3_R2.fastq.gz	PEAKS991035	95	0,00344	0,00153	0,01113	0,00845	0,998851	1,400368	0,998978	1069,098901	1,20332	148	14	158	45	422 150	33,3	1267890	0
EXP991036	ZNF134	ZNF134_AffSeq_IVT_BatchAATBA_Cycle1_R1.fastq.gz;ZNF134_AffSeq_IVT_BatchAATBA_Cycle1_R2.fastq.gz	PEAKS991036	70	0,00095	0,00000	0,00050	0,00106	0,999919	1,169039	0,999919	12414,4	1,255799	17	1	15	8	126 802	39,9	317482	1
EXP991037	ZNF134	ZNF134_AffSeq_IVT_BatchAATBA_Cycle2_R1.fastq.gz;ZNF134_AffSeq_IVT_BatchAATBA_Cycle2_R2.fastq.gz	PEAKS991037	75	0,00241	8,22E-05	0,00384	0,00173	0,99965	1,527551	0,99966	3032,875	1,275824	119	2	28	22	203 304	33,5	607326	1
EXP991038	ZNF134	ZNF134_AffSeq_IVT_BatchAATBA_Cycle3_R1.fastq.gz;ZNF134_AffSeq_IVT_BatchAATBA_Cycle3_R2.fastq.gz	PEAKS991038	85	0,03338	0,02284	0,04870	0,02014	0,983293	16,25583	0,993548	268,367857	1,311371	290	64	150	114	191 968	38,4	500348	1
EXP991039	ZNF134	ZNF134_AffSeq_Lysate_BatchAATA_Cycle1_R1.fastq.gz;ZNF134_AffSeq_Lysate_BatchAATA_Cycle1_R2.fastq.gz	PEAKS991039	95	0,00142	0,00000	0,00070	0,00547	0,999546	1,204612	0,999569	2438,537975	1,025394	47	1	158	44	808 752	31,5	2564632	0
EXP991040	ZNF134	ZNF134_AffSeq_Lysate_BatchAATA_Cycle2_R1.fastq.gz;ZNF134_AffSeq_Lysate_BatchAATA_Cycle2_R2.fastq.gz	PEAKS991040	95	0,29306	0,26857	0,35936	0,20187	0,918161	117,3172	0,943639	24,723611	1,044171	4971	1761	3564	2203	600 734	35,8	1678780	0
EXP991041	ZNF134	ZNF134_AffSeq_Lysate_BatchAATA_Cycle3_R1.fastq.gz;ZNF134_AffSeq_Lysate_BatchAATA_Cycle3_R2.fastq.gz	PEAKS991041	90	0,59078	0,57378	0,79407	0,38590	0,753169	271,5257	0,838797	9,099306	1,04219	13065	1197	1916	1296	480 486	24,5	1963656	0
EXP991042	ZNF140	ZNF140_AffSeq_IVT_BatchAATBA_Cycle1_R1.fastq.gz;ZNF140_AffSeq_IVT_BatchAATBA_Cycle1_R2.fastq.gz	PEAKS991042	70	0,00081	0,00000	0,00227	0,00132	0,999713	1,217898	0,999713	3479,421053	1,061607	147	1	18	7	273 950	34,6	792348	1
EXP991043	ZNF140	ZNF140_AffSeq_IVT_BatchAATBA_Cycle2_R1.fastq.gz;ZNF140_AffSeq_IVT_BatchAATBA_Cycle2_R2.fastq.gz	PEAKS991043	85	0,00112	4,17E-05	0,00340	0,00122	0,999533	1,32029	0,999532	2137,820896	1,146349	232	2	20	12	303 334	31,8	952500	1
EXP991044	ZNF140	ZNF140_AffSeq_IVT_BatchAATBA_Cycle3_R1.fastq.gz;ZNF140_AffSeq_IVT_BatchAATBA_Cycle3_R2.fastq.gz	PEAKS991044	75	0,00171	0,00000	0,00262	0,00207	0,999685	1,151595	0,999685	3175,692308	1,095935	114	1	38	17	257 752	47,9	538652	1
EXP991045	ZNF146	ZNF146_AffSeq_IVT_BatchAATBA_Cycle1_R1.fastq.gz;ZNF146_AffSeq_IVT_BatchAATBA_Cycle1_R2.fastq.gz	PEAKS991045	70	0,00207	0,00000	0,00000	0,00165	0,999867	1,128877	0,999867	7537,727273	2,097052	1	1	15	15	172 830	41,1	420606	1
EXP991046	ZNF146	ZNF146_AffSeq_IVT_BatchAATBA_Cycle2_R1.fastq.gz;ZNF146_AffSeq_IVT_BatchAATBA_Cycle2_R2.fastq.gz	PEAKS991046	70	0,00127	5,78E-05	0,00321	0,00082	0,999682	1,349556	0,999681	3137,818182	0,8633849	89	2	11	11	164 850	20,8	790808	1
EXP991047	ZNF146	ZNF146_AffSeq_IVT_BatchAATBA_Cycle3_R1.fastq.gz;ZNF146_AffSeq_IVT_BatchAATBA_Cycle3_R2.fastq.gz	PEAKS991047	75	0,01498	0,00783	0,03956	0,01363	0,991531	5,950158	0,994505	247,977848	1,017986	467	43	159	85	189 454	34,4	551382	1
EXP991048	ZNF16	ZNF16_AffSeq_IVT_BatchAATBA_Cycle1_R1.fastq.gz;ZNF16_AffSeq_IVT_BatchAATBA_Cycle1_R2.fastq.gz	PEAKS991048	95	0,00102	0,00000	0,00061	0,00094	0,99994	1,146562	0,99994	16772	1,026372	22	1	9	8	139 414	42,4	329132	1
EXP991049	ZNF16	ZNF16_AffSeq_IVT_BatchAATBA_Cycle2_R1.fastq.gz;ZNF16_AffSeq_IVT_BatchAATBA_Cycle2_R2.fastq.gz	PEAKS991049	70	7,72E-05	0,00000	2,00E-05	0,00363	0,999578	1,084944	0,999586	2467,680851	1,179714	3	1	48	5	760 486	55,2	1376496	0
EXP991050	ZNF16	ZNF16_AffSeq_IVT_BatchAATBA_Cycle3_R1.fastq.gz;ZNF16_AffSeq_IVT_BatchAATBA_Cycle3_R2.fastq.gz	PEAKS991050	70	0,00035	0,00000	0,00137	0,00235	0,999601	1,057365	0,999601	2506,202899	12,98418	114	1	33	6	370 916	53,9	688204	1
EXP991051	ZNF16	ZNF16_AffSeq_Lysate_BatchAATA_Cycle1_R1.fastq.gz;ZNF16_AffSeq_Lysate_BatchAATA_Cycle1_R2.fastq.gz	PEAKS991051	100	0,00081	0,00000	0,00017	0,00040	0,999434	1,143243	0,999478	2057,206587	1,100099	16	1	34	39	1 436 438	29,2	4926180	0
EXP991052	ZNF16	ZNF16_AffSeq_Lysate_BatchAATA_Cycle2_R1.fastq.gz;ZNF16_AffSeq_Lysate_BatchAATA_Cycle2_R2.fastq.gz	PEAKS991052	90	0,01886	0,01439	0,02606	0,01963	0,996387	3,65925	0,996938	383,619575	1,109798	1111	264	763	381	906 776	31,6	2872532	0
EXP991053	ZNF16	ZNF16_AffSeq_Lysate_BatchAATA_Cycle3_R1.fastq.gz;ZNF16_AffSeq_Lysate_BatchAATA_Cycle3_R2.fastq.gz	PEAKS991053	95	0,23765	0,22448	0,28089	0,16987	0,917247	57,24804	0,948255	28,703582	1,123503	1337	702	1172	766	481 538	38,2	1259784	0
EXP991054	ZNF189	ZNF189_AffSeq_IVT_BatchAATBA_Cycle1_R1.fastq.gz;ZNF189_AffSeq_IVT_BatchAATBA_Cycle1_R2.fastq.gz	PEAKS991054	75	0,00083	0,00000	0,00000	0,00140	0,999754	1,145515	0,999754	4056,146341	0,8604573	1	1	21	9	349 920	38,4	911136	1
EXP991055	ZNF189	ZNF189_AffSeq_IVT_BatchAATBA_Cycle2_R1.fastq.gz;ZNF189_AffSeq_IVT_BatchAATBA_Cycle2_R2.fastq.gz	PEAKS991055	75	0,00063	0,00000	0,00161	0,00042	0,999737	1,494333	0,999737	3797,166667	1,354307	59	1	6	5	153 858	22,4	685398	1
EXP991056	ZNF189	ZNF189_AffSeq_IVT_BatchAATBA_Cycle3_R1.fastq.gz;ZNF189_AffSeq_IVT_BatchAATBA_Cycle3_R2.fastq.gz	PEAKS991056	80	0,00104	0,00000	0,00094	0,00208	0,999697	1,172145	0,999697	3297,487179	1,651767	61	1	36	13	269 738	52,3	515334	1
EXP991057	ZNF189	ZNF189_AffSeq_Lysate_BatchAATA_Cycle1_R1.fastq.gz;ZNF189_AffSeq_Lysate_BatchAATA_Cycle1_R2.fastq.gz	PEAKS991057	95	0,00188	0,00000	0,00203	0,00098	0,999848	1,266363	0,999848	6576,307692	1,09325	74	1	13	12	175 140	7,0	2492946	0
EXP991058	ZNF189	ZNF189_AffSeq_Lysate_BatchAATA_Cycle2_R1.fastq.gz;ZNF189_AffSeq_Lysate_BatchAATA_Cycle2_R2.fastq.gz	PEAKS991058	100	0,00181	0,00000	0,00086	0,00066	0,999835	1,575043	0,999835	6057,75	1,011852	10	1	7	7	50 202	21,6	232506	1
EXP991059	ZNF189	ZNF189_AffSeq_Lysate_BatchAATA_Cycle3_R1.fastq.gz;ZNF189_AffSeq_Lysate_BatchAATA_Cycle3_R2.fastq.gz	PEAKS991059	95	0,00184	0,00034	0,00772	0,00647	0,999237	1,374677	0,999262	1404,414634	0,7535186	112	4	112	17	239 182	12,3	1950796	0
EXP991060	ZNF18	ZNF18_AffSeq_Lysate_BatchAATA_Cycle1_R1.fastq.gz;ZNF18_AffSeq_Lysate_BatchAATA_Cycle1_R2.fastq.gz	PEAKS991060	90	0,00220	0,00000	0,00279	0,00254	0,999817	1,2809	0,999817	5456,714286	1,978001	80	1	33	18	156 570	18,4	850316	1
EXP991061	ZNF18	ZNF18_AffSeq_Lysate_BatchAATA_Cycle2_R1.fastq.gz;ZNF18_AffSeq_Lysate_BatchAATA_Cycle2_R2.fastq.gz	PEAKS991061	90	0,26257	0,23441	0,40065	0,21516	0,891602	49,00705	0,937489	24,636549	1,06683	9114	2028	6629	2868	828 534	30,4	2722816	0
EXP991062	ZNF18	ZNF18_AffSeq_Lysate_BatchAATA_Cycle3_R1.fastq.gz;ZNF18_AffSeq_Lysate_BatchAATA_Cycle3_R2.fastq.gz	PEAKS991062	95	0,47826	0,49236	0,67183	0,32297	0,671934	47,03266	0,83471	10,948518	1,114445	2333	870	1760	894	649 514	28,2	2304234	0
EXP991063	ZNF22	ZNF22_AffSeq_IVT_BatchAATBA_Cycle1_R1.fastq.gz;ZNF22_AffSeq_IVT_BatchAATBA_Cycle1_R2.fastq.gz	PEAKS991063	90	3,42E-05	0,00000	8,55E-05	0,00162	0,99954	1,19026	0,99954	2173,044776	1,161582	8	1	44	3	644 870	36,0	1789016	0
EXP991064	ZNF22	ZNF22_AffSeq_IVT_BatchAATBA_Cycle2_R1.fastq.gz;ZNF22_AffSeq_IVT_BatchAATBA_Cycle2_R2.fastq.gz	PEAKS991064	85	0,00081	0,00000	0,00466	0,00079	0,999472	1,417592	0,999472	1892,564516	0,9029034	242	1	15	8	279 682	24,8	1129308	0
EXP991065	ZNF22	ZNF22_AffSeq_IVT_BatchAATBA_Cycle3_R1.fastq.gz;ZNF22_AffSeq_IVT_BatchAATBA_Cycle3_R2.fastq.gz	PEAKS991065	80	0,00082	0,00000	0,00185	0,00242	0,999686	1,085716	0,999692	3310,627451	1,477769	140	1	28	13	358 116	57,0	628584	1
EXP991066	ZNF22	ZNF22_AffSeq_Lysate_BatchAATA_Cycle1_R1.fastq.gz;ZNF22_AffSeq_Lysate_BatchAATA_Cycle1_R2.fastq.gz	PEAKS991066	105	0,00070	0,00000	0,00042	0,00400	0,999617	1,185247	0,999635	2880,359649	0,8237345	13	1	69	16	699 524	19,6	3566210	0
EXP991067	ZNF22	ZNF22_AffSeq_Lysate_BatchAATA_Cycle2_R1.fastq.gz;ZNF22_AffSeq_Lysate_BatchAATA_Cycle2_R2.fastq.gz	PEAKS991067	95	0,00099	8,57E-05	0,00736	0,00641	0,999241	1,380976	0,999267	1394,12782	0,7733584	328	2	152	15	405 478	21,1	1920600	0
EXP991068	ZNF22	ZNF22_AffSeq_Lysate_BatchAATA_Cycle3_R1.fastq.gz;ZNF22_AffSeq_Lysate_BatchAATA_Cycle3_R2.fastq.gz	PEAKS991068	90	0,00406	0,00048	0,01804	0,00812	0,995117	1,819048	0,995442	233,16726	0,9291052	116	3	75	22	151 234	11,3	1339332	0
EXP991069	ZNF250	ZNF250_AffSeq_IVT_BatchAATBA_Cycle1_R1.fastq.gz;ZNF250_AffSeq_IVT_BatchAATBA_Cycle1_R2.fastq.gz	PEAKS991069	75	2,39E-05	0,00000	7,17E-05	0,00238	0,999616	1,182055	0,99962	2651,645455	1,198494	7	1	44	2	649 328	42,4	1532258	0
EXP991070	ZNF250	ZNF250_AffSeq_IVT_BatchAATBA_Cycle2_R1.fastq.gz;ZNF250_AffSeq_IVT_BatchAATBA_Cycle2_R2.fastq.gz	PEAKS991070	70	0,00124	0,00000	0,00340	0,00116	0,999583	1,319124	0,999583	2398,157895	1,131266	201	1	20	14	319 272	35,4	902012	1
EXP991071	ZNF250	ZNF250_AffSeq_IVT_BatchAATBA_Cycle3_R1.fastq.gz;ZNF250_AffSeq_IVT_BatchAATBA_Cycle3_R2.fastq.gz	PEAKS991071	70	0,00275	0,00153	0,01136	0,00274	0,991538	1,676011	0,997366	820,53125	1,058179	162	7	38	19	168 272	37,1	453442	1
EXP991072	ZNF250	ZNF250_AffSeq_Lysate_BatchAATA_Cycle1_R1.fastq.gz;ZNF250_AffSeq_Lysate_BatchAATA_Cycle1_R2.fastq.gz	PEAKS991072	90	0,00077	0,00000	0,00014	0,00465	0,999567	1,197033	0,999574	2374,182857	1,079593	7	1	90	21	852 780	19,6	4343680	0
EXP991073	ZNF250	ZNF250_AffSeq_Lysate_BatchAATA_Cycle2_R1.fastq.gz;ZNF250_AffSeq_Lysate_BatchAATA_Cycle2_R2.fastq.gz	PEAKS991073	90	0,02471	0,02719	0,04195	0,03613	0,992469	7,838479	0,994319	225,486972	0,9843915	1653	519	1181	432	829 052	14,5	5706644	0
EXP991074	ZNF250	ZNF250_AffSeq_Lysate_BatchAATA_Cycle3_R1.fastq.gz;ZNF250_AffSeq_Lysate_BatchAATA_Cycle3_R2.fastq.gz	PEAKS991074	90	0,25934	0,27719	0,33827	0,27147	0,893453	60,40263	0,929228	20,858866	1,006415	1239	764	1258	620	311 992	12,7	2465128	0
EXP991075	ZNF260	ZNF260_AffSeq_IVT_BatchAATBA_Cycle1_R1.fastq.gz;ZNF260_AffSeq_IVT_BatchAATBA_Cycle1_R2.fastq.gz	PEAKS991075	105	0,00159	0,00000	0,00000	0,00199	0,999828	1,087334	0,999828	5821	1,251854	1	1	25	15	219 224	49,9	438934	1
EXP991076	ZNF260	ZNF260_AffSeq_IVT_BatchAATBA_Cycle2_R1.fastq.gz;ZNF260_AffSeq_IVT_BatchAATBA_Cycle2_R2.fastq.gz	PEAKS991076	70	0,00108	0,00000	0,00460	0,00083	0,999527	1,504341	0,999527	2112,392157	1,298961	217	1	13	10	262 718	26,5	992594	1
EXP991077	ZNF260	ZNF260_AffSeq_IVT_BatchAATBA_Cycle3_R1.fastq.gz;ZNF260_AffSeq_IVT_BatchAATBA_Cycle3_R2.fastq.gz	PEAKS991077	80	0,00013	0,00000	2,73E-05	0,00252	0,999776	1,067303	0,999775	4453,243902	1,480401	3	1	31	5	385 430	62,0	621958	1
EXP991078	ZNF260	ZNF260_AffSeq_Lysate_BatchAATA_Cycle1_R1.fastq.gz;ZNF260_AffSeq_Lysate_BatchAATA_Cycle1_R2.fastq.gz	PEAKS991078	100	0,00135	0,00000	0,00014	0,00407	0,999681	1,12221	0,999711	3794,345679	0,776929	7	1	76	28	639 062	26,3	2425742	0
EXP991079	ZNF260	ZNF260_AffSeq_Lysate_BatchAATA_Cycle2_R1.fastq.gz;ZNF260_AffSeq_Lysate_BatchAATA_Cycle2_R2.fastq.gz	PEAKS991079	95	0,00227	0,00012	0,00231	0,00470	0,999748	1,288115	0,999755	4194,176471	1,23013	107	2	77	30	292 216	18,1	1610194	0
EXP991080	ZNF260	ZNF260_AffSeq_Lysate_BatchAATA_Cycle3_R1.fastq.gz;ZNF260_AffSeq_Lysate_BatchAATA_Cycle3_R2.fastq.gz	PEAKS991080	90	0,02491	0,01902	0,04016	0,02727	0,994381	7,665545	0,995501	270,386707	1,04545	637	149	558	237	414 422	32,6	1271494	0
EXP991081	ZNF264	ZNF264_AffSeq_IVT_BatchAATBA_Cycle1_R1.fastq.gz;ZNF264_AffSeq_IVT_BatchAATBA_Cycle1_R2.fastq.gz	PEAKS991081	90	0,00061	0,00000	0,00099	0,00104	0,999867	1,336082	0,999867	7515,142857	1,266818	27	1	11	5	108 476	37,6	288376	1
EXP991082	ZNF264	ZNF264_AffSeq_IVT_BatchAATBA_Cycle2_R1.fastq.gz;ZNF264_AffSeq_IVT_BatchAATBA_Cycle2_R2.fastq.gz	PEAKS991082	80	0,00157	0,00000	0,00430	0,00171	0,999341	1,390803	0,999396	1760,354839	0,9207789	176	1	28	18	245 052	35,1	697952	1
EXP991083	ZNF264	ZNF264_AffSeq_IVT_BatchAATBA_Cycle3_R1.fastq.gz;ZNF264_AffSeq_IVT_BatchAATBA_Cycle3_R2.fastq.gz	PEAKS991083	75	0,00427	0,00104	0,00853	0,00486	0,997596	1,593124	0,998502	979,852174	2,106111	180	4	68	32	285 210	51,8	550680	1
EXP991084	ZNF264	ZNF264_AffSeq_Lysate_BatchAATA_Cycle1_R1.fastq.gz;ZNF264_AffSeq_Lysate_BatchAATA_Cycle1_R2.fastq.gz	PEAKS991084	95	0,00081	0,00000	0,00027	0,00101	0,999324	1,168638	0,999374	1695,835991	1,026228	22	1	45	33	1 621 506	26,1	6202320	0
EXP991085	ZNF264	ZNF264_AffSeq_Lysate_BatchAATA_Cycle2_R1.fastq.gz;ZNF264_AffSeq_Lysate_BatchAATA_Cycle2_R2.fastq.gz	PEAKS991085	95	0,00256	9,43E-05	0,00581	0,00585	0,999692	1,552228	0,999692	3241,153846	1,302871	94	2	87	21	174 612	22,7	768842	1
EXP991086	ZNF264	ZNF264_AffSeq_Lysate_BatchAATA_Cycle3_R1.fastq.gz;ZNF264_AffSeq_Lysate_BatchAATA_Cycle3_R2.fastq.gz	PEAKS991086	110	0,00262	0,00103	0,01560	0,01021	0,998625	1,431327	0,998745	865,361404	1,00834	470	4	218	56	515 196	26,9	1916246	0
EXP991087	ZNF280A	ZNF280A_AffSeq_IVT_BatchAATBA_Cycle1_R1.fastq.gz;ZNF280A_AffSeq_IVT_BatchAATBA_Cycle1_R2.fastq.gz	PEAKS991087	75	0,00099	0,00000	0,00175	0,00076	0,999936	1,289381	0,999936	15725,8	1,030163	67	1	10	8	165 076	29,8	553428	1
EXP991088	ZNF280A	ZNF280A_AffSeq_IVT_BatchAATBA_Cycle2_R1.fastq.gz;ZNF280A_AffSeq_IVT_BatchAATBA_Cycle2_R2.fastq.gz	PEAKS991088	75	0,00136	4,24E-05	0,00490	0,00105	0,999395	1,396668	0,999405	1710,254545	0,8988464	175	2	18	14	218 326	24,1	907560	1
EXP991089	ZNF280A	ZNF280A_AffSeq_IVT_BatchAATBA_Cycle3_R1.fastq.gz;ZNF280A_AffSeq_IVT_BatchAATBA_Cycle3_R2.fastq.gz	PEAKS991089	125	0,00154	0,00038	0,00334	0,00309	0,999306	1,144302	0,999417	1942,833333	1,100889	102	5	50	17	245 046	55,1	445132	1
EXP991090	ZNF280A	ZNF280A_AffSeq_Lysate_BatchAATA_Cycle1_R1.fastq.gz;ZNF280A_AffSeq_Lysate_BatchAATA_Cycle1_R2.fastq.gz	PEAKS991090	90	0,00013	6,32E-05	0,00077	0,00035	0,999309	1,1559	0,999357	1647,015284	1,008234	30	3	35	12	1 570 264	22,1	7104180	0
EXP991091	ZNF280A	ZNF280A_AffSeq_Lysate_BatchAATA_Cycle2_R1.fastq.gz;ZNF280A_AffSeq_Lysate_BatchAATA_Cycle2_R2.fastq.gz	PEAKS991091	100	0,00149	0,00039	0,00684	0,00621	0,999232	1,332319	0,99932	1600,817164	1,011023	541	10	176	40	924 166	30,2	3055574	0
EXP991092	ZNF280A	ZNF280A_AffSeq_Lysate_BatchAATA_Cycle3_R1.fastq.gz;ZNF280A_AffSeq_Lysate_BatchAATA_Cycle3_R2.fastq.gz	PEAKS991092	90	0,00602	0,00095	0,03051	0,01564	0,995245	1,332507	0,99622	326,22	1,017597	202	9	216	65	412 708	41,2	1002136	0
EXP991093	ZNF30	ZNF30_AffSeq_IVT_BatchAATBA_Cycle1_R1.fastq.gz;ZNF30_AffSeq_IVT_BatchAATBA_Cycle1_R2.fastq.gz	PEAKS991093	90	0,00160	0,00000	0,00000	0,00127	0,999929	1,209964	0,999929	14161,25	3,166671	1	1	15	11	119 338	43,2	275998	1
EXP991094	ZNF30	ZNF30_AffSeq_IVT_BatchAATBA_Cycle2_R1.fastq.gz;ZNF30_AffSeq_IVT_BatchAATBA_Cycle2_R2.fastq.gz	PEAKS991094	75	0,00012	0,00000	0,00171	0,00065	0,999907	1,838139	0,999907	10699,33333	1,633308	27	1	4	2	74 336	18,9	393842	1
EXP991095	ZNF30	ZNF30_AffSeq_IVT_BatchAATBA_Cycle3_R1.fastq.gz;ZNF30_AffSeq_IVT_BatchAATBA_Cycle3_R2.fastq.gz	PEAKS991095	95	0,00136	5,44E-05	0,00405	0,00387	0,998995	1,13448	0,999234	1587,597826	2,048844	149	2	55	18	314 858	58,2	540706	1
EXP991096	ZNF30	ZNF30_AffSeq_Lysate_BatchAATA_Cycle1_R1.fastq.gz;ZNF30_AffSeq_Lysate_BatchAATA_Cycle1_R2.fastq.gz	PEAKS991096	95	0,00150	0,00000	8,30E-05	0,00451	0,999779	1,170394	0,999787	4888,44898	1,282284	5	1	79	23	503 178	29,7	1695848	0
EXP991097	ZNF30	ZNF30_AffSeq_Lysate_BatchAATA_Cycle2_R1.fastq.gz;ZNF30_AffSeq_Lysate_BatchAATA_Cycle2_R2.fastq.gz	PEAKS991097	100	0,00182	0,00000	0,00346	0,00594	0,999555	1,239716	0,999574	2422,15894	1,136918	344	1	167	53	798 140	28,3	2816432	0
EXP991098	ZNF30	ZNF30_AffSeq_Lysate_BatchAATA_Cycle3_R1.fastq.gz;ZNF30_AffSeq_Lysate_BatchAATA_Cycle3_R2.fastq.gz	PEAKS991098	105	0,00380	0,00052	0,01586	0,00998	0,999124	1,659765	0,999153	1222,4	0,8624018	81	3	111	23	169 552	36,3	467092	1
EXP991099	ZNF317	ZNF317_AffSeq_IVT_BatchAATBA_Cycle1_R1.fastq.gz;ZNF317_AffSeq_IVT_BatchAATBA_Cycle1_R2.fastq.gz	PEAKS991099	75	0,00091	0,00000	0,00000	0,00101	0,999958	1,17445	0,999958	23735	1,98672	1	1	12	9	197 598	44,5	443658	1
EXP991100	ZNF317	ZNF317_AffSeq_IVT_BatchAATBA_Cycle2_R1.fastq.gz;ZNF317_AffSeq_IVT_BatchAATBA_Cycle2_R2.fastq.gz	PEAKS991100	70	0,00017	0,00000	5,38E-05	0,00294	0,999277	1,141491	0,999287	1415,908759	1,28047	7	1	50	12	840 336	50,9	1652490	0
EXP991101	ZNF317	ZNF317_AffSeq_IVT_BatchAATBA_Cycle3_R1.fastq.gz;ZNF317_AffSeq_IVT_BatchAATBA_Cycle3_R2.fastq.gz	PEAKS991101	105	0,001208523646	0	0,0007197824657	0,00230152665	0,999688	1,112045	0,999688	3199,914286	1,224218	39	1	31	15	234096	53,8	434864	1
EXP991102	ZNF322	ZNF322_AffSeq_IVT_BatchAATBA_Cycle1_R1.fastq.gz;ZNF322_AffSeq_IVT_BatchAATBA_Cycle1_R2.fastq.gz	PEAKS991102	80	0,0007921373038	0	0,001173536746	0,00163561684	0,999868	1,123305	0,999868	7546,444444	0,8424393	78	1	16	9	285568	38,3	745318	1
EXP991103	ZNF322	ZNF322_AffSeq_IVT_BatchAATBA_Cycle2_R1.fastq.gz;ZNF322_AffSeq_IVT_BatchAATBA_Cycle2_R2.fastq.gz	PEAKS991103	90	0,0003881234232	0	0,002425771395	0,0004528106605	0,99987	1,999442	0,99987	7716	0,85692	33	1	4	2	68396	14,7	466492	1
EXP991104	ZNF322	ZNF322_AffSeq_IVT_BatchAATBA_Cycle3_R1.fastq.gz;ZNF322_AffSeq_IVT_BatchAATBA_Cycle3_R2.fastq.gz	PEAKS991104	70	0,0005900087062	0	0	0,0016117311	0,999762	1,148811	0,999769	4465,354839	1,033045	1	1	24	8	289226	55,4	521628	1
EXP991105	ZNF322	ZNF322_AffSeq_Lysate_BatchAATA_Cycle1_R1.fastq.gz;ZNF322_AffSeq_Lysate_BatchAATA_Cycle1_R2.fastq.gz	PEAKS991105	90	0,001276434264	0	0,0001160394785	0,004274643492	0,999701	1,150034	0,999723	3866,329268	0,8333432	8	1	75	28	656442	23,6	2782390	0
EXP991106	ZNF322	ZNF322_AffSeq_Lysate_BatchAATA_Cycle2_R1.fastq.gz;ZNF322_AffSeq_Lysate_BatchAATA_Cycle2_R2.fastq.gz	PEAKS991106	90	0,002271283355	0	0,002271283355	0,00333545108	0,999792	1,636084	0,999792	4811,230769	1,088901	51	1	45	16	131244	28,3	464222	1
EXP991107	ZNF322	ZNF322_AffSeq_Lysate_BatchAATA_Cycle3_R1.fastq.gz;ZNF322_AffSeq_Lysate_BatchAATA_Cycle3_R2.fastq.gz	PEAKS991107	95	0,007509708105	0,002828485536	0,02401052386	0,01522088655	0,99787	2,326774	0,998016	537,708155	0,99334	894	31	597	140	565458	27,2	2079278	0
EXP991108	ZNF35	ZNF35_AffSeq_IVT_BatchAATBA_Cycle1_R1.fastq.gz;ZNF35_AffSeq_IVT_BatchAATBA_Cycle1_R2.fastq.gz	PEAKS991108	70	0,000475944223	0	0,002054797655	0,001674957554	0,999692	1,179109	0,999692	3249,253731	1,190358	200	1	24	4	482654	34,1	1415416	0
EXP991109	ZNF35	ZNF35_AffSeq_IVT_BatchAATBA_Cycle2_R1.fastq.gz;ZNF35_AffSeq_IVT_BatchAATBA_Cycle2_R2.fastq.gz	PEAKS991109	100	0	0	0,2852848841	0,000601162247	0,999599	2,508511	0,999599	2491,5	0,6812415	4050	1	4	1	37928	8,5	447098	1
EXP991110	ZNF35	ZNF35_AffSeq_IVT_BatchAATBA_Cycle3_R1.fastq.gz;ZNF35_AffSeq_IVT_BatchAATBA_Cycle3_R2.fastq.gz	PEAKS991110	70	0,0262759718	0,02169776003	0,05154582891	0,03466026081	0,987792	18,37437	0,992192	177,533333	1,042617	836	88	432	130	308792	43,7	706406	1
EXP991111	ZNF35	ZNF35_AffSeq_Lysate_BatchAATA_Cycle1_R1.fastq.gz;ZNF35_AffSeq_Lysate_BatchAATA_Cycle1_R2.fastq.gz	PEAKS991111	90	0,0007972939013	0	0,0006580838551	0,004344438197	0,999453	1,21733	0,999487	2065,323308	1,02999	22	1	102	32	1146606	25,3	4529326	0
EXP991112	ZNF35	ZNF35_AffSeq_Lysate_BatchAATA_Cycle2_R1.fastq.gz;ZNF35_AffSeq_Lysate_BatchAATA_Cycle2_R2.fastq.gz	PEAKS991112	200	0,02109933858	0,01697028174	0,03068920993	0,007668248424	0,994049	1,139137	0,995346	261,278256	0,03442293	2916	321	1744	585	1071616	28,7	3736630	0
EXP991113	ZNF35	ZNF35_AffSeq_Lysate_BatchAATA_Cycle3_R1.fastq.gz;ZNF35_AffSeq_Lysate_BatchAATA_Cycle3_R2.fastq.gz	PEAKS991113	90	0,04285566457	0,03406968665	0,07773348379	0,05159729374	0,988684	19,38259	0,991769	152,806801	1,080297	1843	247	1190	406	425256	23,2	1836346	0
EXP991114	ZNF382	ZNF382_AffSeq_IVT_BatchAATBA_Cycle1_R1.fastq.gz;ZNF382_AffSeq_IVT_BatchAATBA_Cycle1_R2.fastq.gz	PEAKS991114	75	6,60E-05	0	1,39E-05	0,002412398688	0,999666	1,152066	0,999665	2987,6875	1,042262	3	1	34	3	616256	42,6	1445676	0
EXP991115	ZNF382	ZNF382_AffSeq_IVT_BatchAATBA_Cycle2_R1.fastq.gz;ZNF382_AffSeq_IVT_BatchAATBA_Cycle2_R2.fastq.gz	PEAKS991115	70	0,00101206987	0	0,3182397481	0,0005997451083	0,999775	2,679117	0,999775	4438,5	1,54553	8060	1	3	4	61634	12,7	485306	1
EXP991116	ZNF382	ZNF382_AffSeq_IVT_BatchAATBA_Cycle3_R1.fastq.gz;ZNF382_AffSeq_IVT_BatchAATBA_Cycle3_R2.fastq.gz	PEAKS991116	90	0,003468968031	0,001503436426	0,006085337915	0,004438717068	0,997346	1,642424	0,998938	1385,536364	1,161849	157	3	68	22	375260	55,7	673788	1
EXP991117	ZNF382	ZNF382_AffSeq_Lysate_BatchAATA_Cycle1_R1.fastq.gz;ZNF382_AffSeq_Lysate_BatchAATA_Cycle1_R2.fastq.gz	PEAKS991117	105	0,001246894141	0	0,0001137677136	0,004464245083	0,999771	1,123588	0,999785	4964,068182	1,100901	4	1	66	22	459254	31,0	1479080	0
EXP991118	ZNF382	ZNF382_AffSeq_Lysate_BatchAATA_Cycle2_R1.fastq.gz;ZNF382_AffSeq_Lysate_BatchAATA_Cycle2_R2.fastq.gz	PEAKS991118	90	0,003095518868	0	0,0008516771488	0,002915356394	0,999868	1,258365	0,999868	7573,125	0,9345159	23	1	40	22	126146	36,9	341430	1
EXP991119	ZNF382	ZNF382_AffSeq_Lysate_BatchAATA_Cycle3_R1.fastq.gz;ZNF382_AffSeq_Lysate_BatchAATA_Cycle3_R2.fastq.gz	PEAKS991119	90	0,003979683044	0,0002482868209	0,005448122242	0,005348807514	0,998964	1,298694	0,999113	1281,229358	0,8427571	101	5	98	34	295778	14,4	2046934	0
EXP991120	ZNF384	ZNF384_AffSeq_IVT_BatchAATBA_Cycle1_R1.fastq.gz;ZNF384_AffSeq_IVT_BatchAATBA_Cycle1_R2.fastq.gz	PEAKS991120	85	0,0009730347738	0	0	0,001216293467	0,999866	1,276484	0,999866	7449,272727	1,441061	1	1	14	9	169846	36,4	465974	1
EXP991121	ZNF384	ZNF384_AffSeq_IVT_BatchAATBA_Cycle2_R1.fastq.gz;ZNF384_AffSeq_IVT_BatchAATBA_Cycle2_R2.fastq.gz	PEAKS991121	70	0,001266262787	0	0,004295362002	0,0009807329427	0,99954	1,624388	0,99954	2171,081081	1,437962	147	1	13	12	181514	22,0	824494	1
EXP991122	ZNF384	ZNF384_AffSeq_IVT_BatchAATBA_Cycle3_R1.fastq.gz;ZNF384_AffSeq_IVT_BatchAATBA_Cycle3_R2.fastq.gz	PEAKS991122	75	0,001041978903	0	0,002283789378	0,002662041993	0,999642	1,160893	0,999656	3032,543478	1,134294	109	1	37	15	291324	40,4	721100	1
EXP991123	ZNF384	ZNF384_AffSeq_Lysate_BatchAATA_Cycle1_R1.fastq.gz;ZNF384_AffSeq_Lysate_BatchAATA_Cycle1_R2.fastq.gz	PEAKS991123	185	0,0004635245976	0,0002921170641	0,0130643925	0,001542667801	0,998473	1,057487	0,998571	724,777974	0,1385889	4642	3	223	49	1747088	18,9	9230680	0
EXP991124	ZNF384	ZNF384_AffSeq_Lysate_BatchAATA_Cycle2_R1.fastq.gz;ZNF384_AffSeq_Lysate_BatchAATA_Cycle2_R2.fastq.gz	PEAKS991124	90	0,002452697968	0	0,4112523776	0,00172689959	0,999548	3,4269	0,999548	2209,388889	1,123651	15399	1	10	7	81706	11,0	743586	1
EXP991125	ZNF384	ZNF384_AffSeq_Lysate_BatchAATA_Cycle3_R1.fastq.gz;ZNF384_AffSeq_Lysate_BatchAATA_Cycle3_R2.fastq.gz	PEAKS991125	95	0,003441923599	0,002407730593	0,4256027406	0,004282205417	0,998284	4,295561	0,99833	615,73	1,03911	22343	10	55	12	126458	8,4	1505738	0
EXP991126	ZNF436	ZNF436_AffSeq_IVT_BatchAATBA_Cycle1_R1.fastq.gz;ZNF436_AffSeq_IVT_BatchAATBA_Cycle1_R2.fastq.gz	PEAKS991126	70	0,002107152612	0	0	0,001235675915	0,999909	1,238002	0,999909	10944,14286	1,375344	1	1	15	15	158296	39,7	398488	1
EXP991127	ZNF436	ZNF436_AffSeq_IVT_BatchAATBA_Cycle2_R1.fastq.gz;ZNF436_AffSeq_IVT_BatchAATBA_Cycle2_R2.fastq.gz	PEAKS991127	80	0,001857951187	0,001182332573	0,3358669031	0,003631450046	0,999619	5,412566	0,999619	2625,111111	0,8361293	7459	3	14	4	55740	10,3	543718	1
EXP991128	ZNF436	ZNF436_AffSeq_IVT_BatchAATBA_Cycle3_R1.fastq.gz;ZNF436_AffSeq_IVT_BatchAATBA_Cycle3_R2.fastq.gz	PEAKS991128	80	0,1221099888	0,1045566779	0,56671156	0,1172390572	0,920569	178,2103	0,960321	45,407407	1,098405	17523	116	335	164	247450	39,8	621270	1
EXP991129	ZNF436	ZNF436_AffSeq_Lysate_BatchAATA_Cycle1_R1.fastq.gz;ZNF436_AffSeq_Lysate_BatchAATA_Cycle1_R2.fastq.gz	PEAKS991129	90	0,0009835455488	0	0,003269624392	0,005156968553	0,999675	1,270925	0,999688	3297,338235	1,429163	237	1	124	23	483434	27,0	1787320	0
EXP991130	ZNF436	ZNF436_AffSeq_Lysate_BatchAATA_Cycle2_R1.fastq.gz;ZNF436_AffSeq_Lysate_BatchAATA_Cycle2_R2.fastq.gz	PEAKS991130	95	0,2758215317	0,2619345525	0,2956964114	0,1839749759	0,931293	151,6915	0,949401	26,297986	1,067662	1746	1126	1530	1219	358030	31,8	1125456	0
EXP991131	ZNF436	ZNF436_AffSeq_Lysate_BatchAATA_Cycle3_R1.fastq.gz;ZNF436_AffSeq_Lysate_BatchAATA_Cycle3_R2.fastq.gz	PEAKS991131	90	0,2798239843	0,2629018863	0,3101306097	0,2012963902	0,926061	226,4349	0,947268	25,853807	1,067402	1349	750	1133	831	247830	30,4	815224	1
EXP991132	ZNF454	ZNF454_AffSeq_IVT_BatchAATBA_Cycle1_R1.fastq.gz;ZNF454_AffSeq_IVT_BatchAATBA_Cycle1_R2.fastq.gz	PEAKS991132	110	0,001182420567	0	0,001838020089	0,0004565782388	0,999836	1,178315	0,999836	6086,142857	0,9013531	82	1	11	11	181016	31,9	568140	1
EXP991133	ZNF454	ZNF454_AffSeq_IVT_BatchAATBA_Cycle2_R1.fastq.gz;ZNF454_AffSeq_IVT_BatchAATBA_Cycle2_R2.fastq.gz	PEAKS991133	80	0,000959144327	0	0,003788135675	0,000687871184	0,999505	1,401192	0,999505	2018,352941	0,6317327	176	1	9	9	240114	24,8	968998	1
EXP991134	ZNF454	ZNF454_AffSeq_IVT_BatchAATBA_Cycle3_R1.fastq.gz;ZNF454_AffSeq_IVT_BatchAATBA_Cycle3_R2.fastq.gz	PEAKS991134	70	0,0003539567779	0	0,001068425089	0,002477697446	0,999724	1,076861	0,999737	3996,578947	2,315614	78	1	29	7	317820	57,1	556876	1
EXP991135	ZNF454	ZNF454_AffSeq_Lysate_BatchAATA_Cycle1_R1.fastq.gz;ZNF454_AffSeq_Lysate_BatchAATA_Cycle1_R2.fastq.gz	PEAKS991135	105	0,0007655821632	0	0,0002124241012	0,0004519358394	0,999422	1,119226	0,999462	1963,107042	0,988297	12	1	31	37	1470176	23,6	6229428	0
EXP991136	ZNF454	ZNF454_AffSeq_Lysate_BatchAATA_Cycle2_R1.fastq.gz;ZNF454_AffSeq_Lysate_BatchAATA_Cycle2_R2.fastq.gz	PEAKS991136	90	0,001875887244	0	0,001003853174	0,003660515108	0,999867	1,294161	0,999867	7538,692308	1,390248	38	1	51	15	203156	28,6	711574	1
EXP991137	ZNF454	ZNF454_AffSeq_Lysate_BatchAATA_Cycle3_R1.fastq.gz;ZNF454_AffSeq_Lysate_BatchAATA_Cycle3_R2.fastq.gz	PEAKS991137	95	0,003604478268	0,0009402986786	0,01583600579	0,01090517126	0,998974	1,762471	0,999046	1124,943478	0,9935593	566	6	337	70	536546	27,5	1950758	0
EXP991138	ZNF490	ZNF490_AffSeq_IVT_BatchAATBA_Cycle1_R1.fastq.gz;ZNF490_AffSeq_IVT_BatchAATBA_Cycle1_R2.fastq.gz	PEAKS991138	85	0,001613224646	0	0	0,001973827803	0,999838	1,036023	0,999838	6171,529412	0,3071127	1	1	23	15	220124	46,5	473320	1
EXP991139	ZNF490	ZNF490_AffSeq_IVT_BatchAATBA_Cycle2_R1.fastq.gz;ZNF490_AffSeq_IVT_BatchAATBA_Cycle2_R2.fastq.gz	PEAKS991139	NA	NA	NA	NA	NA	NA	NA	NA	NA	NA	6	1	NA	1	54	1,2	4572	1
EXP991140	ZNF490	ZNF490_AffSeq_IVT_BatchAATBA_Cycle3_R1.fastq.gz;ZNF490_AffSeq_IVT_BatchAATBA_Cycle3_R2.fastq.gz	PEAKS991140	110	0,003619310245	0,0003446962138	0,006993704759	0,004372199343	0,998283	1,295945	0,998966	1364,725	1,434958	123	4	61	26	238738	52,7	453400	1
EXP991141	ZNF490	ZNF490_AffSeq_Lysate_BatchAATA_Cycle1_R1.fastq.gz;ZNF490_AffSeq_Lysate_BatchAATA_Cycle1_R2.fastq.gz	PEAKS991141	95	0,001802228929	0	9,73E-05	0,004233566438	0,99967	1,187353	0,999688	3305,020202	1,171907	6	1	62	32	676206	26,0	2603746	0
EXP991142	ZNF490	ZNF490_AffSeq_Lysate_BatchAATA_Cycle2_R1.fastq.gz;ZNF490_AffSeq_Lysate_BatchAATA_Cycle2_R2.fastq.gz	PEAKS991142	100	0,001866886052	0	0,003006002965	0,005180269772	0,999582	1,208149	0,999609	2747,65	1,300448	146	1	115	31	476010	33,0	1441932	0
EXP991143	ZNF490	ZNF490_AffSeq_Lysate_BatchAATA_Cycle3_R1.fastq.gz;ZNF490_AffSeq_Lysate_BatchAATA_Cycle3_R2.fastq.gz	PEAKS991143	90	0,004761411862	0,00207017907	0,03378273471	0,01361142739	0,997466	1,374026	0,997694	469,736196	1,829331	145	11	140	34	212332	38,0	558310	1
EXP991144	ZNF502	ZNF502_AffSeq_IVT_BatchAATBA_Cycle1_R1.fastq.gz;ZNF502_AffSeq_IVT_BatchAATBA_Cycle1_R2.fastq.gz	PEAKS991144	120	0,001404558535	0	0	0,001427396885	0,999897	1,087003	0,999897	9694,666667	0,7700773	1	1	20	13	183938	48,4	380200	1
EXP991145	ZNF502	ZNF502_AffSeq_IVT_BatchAATBA_Cycle2_R1.fastq.gz;ZNF502_AffSeq_IVT_BatchAATBA_Cycle2_R2.fastq.gz	PEAKS991145	70	0	0	0	0,003466847965	0,999259	1,088629	0,999271	1388,474747	1,425203	1	1	39	1	924338	57,0	1621714	0
EXP991146	ZNF502	ZNF502_AffSeq_IVT_BatchAATBA_Cycle3_R1.fastq.gz;ZNF502_AffSeq_IVT_BatchAATBA_Cycle3_R2.fastq.gz	PEAKS991146	85	0,0004071594925	0	0	0,001807788147	0,999613	1,096443	0,999613	2582,084507	2,181672	1	1	27	6	400050	57,2	699826	1
EXP991147	ZNF563	ZNF563_AffSeq_IVT_BatchAATBA_Cycle1_R1.fastq.gz;ZNF563_AffSeq_IVT_BatchAATBA_Cycle1_R2.fastq.gz	PEAKS991147	85	0,0005394049512	0	0	0,001897380574	0,999772	1,165766	0,999772	4385	1,031711	2	1	24	7	445208	44,3	1004204	0
EXP991148	ZNF563	ZNF563_AffSeq_IVT_BatchAATBA_Cycle2_R1.fastq.gz;ZNF563_AffSeq_IVT_BatchAATBA_Cycle2_R2.fastq.gz	PEAKS991148	85	0,0007018833871	0	0,003375724862	0,0007353064055	0,999648	1,363311	0,999648	2842,761905	0,5647956	92	1	8	5	138850	21,6	642934	1
EXP991149	ZNF563	ZNF563_AffSeq_IVT_BatchAATBA_Cycle3_R1.fastq.gz;ZNF563_AffSeq_IVT_BatchAATBA_Cycle3_R2.fastq.gz	PEAKS991149	85	0,000949181793	0	0,001682640451	0,002416099109	0,999722	1,157769	0,999721	3589,511111	2,232665	121	1	30	13	342022	58,6	583224	1
EXP991150	ZNF582	ZNF582_AffSeq_IVT_BatchAATBA_Cycle1_R1.fastq.gz;ZNF582_AffSeq_IVT_BatchAATBA_Cycle1_R2.fastq.gz	PEAKS991150	95	5,25E-05	0	0,003957229239	0,001683865244	0,999526	1,177832	0,999531	2159,746835	0,7561324	609	1	40	4	753206	38,4	1959862	0
EXP991151	ZNF582	ZNF582_AffSeq_IVT_BatchAATBA_Cycle2_R1.fastq.gz;ZNF582_AffSeq_IVT_BatchAATBA_Cycle2_R2.fastq.gz	PEAKS991151	90	0,0006920067638	0	0,00535189102	0,001222173236	0,999155	1,328462	0,99916	1197,966443	0,8712461	426	1	24	7	416904	32,3	1292720	0
EXP991152	ZNF582	ZNF582_AffSeq_IVT_BatchAATBA_Cycle3_R1.fastq.gz;ZNF582_AffSeq_IVT_BatchAATBA_Cycle3_R2.fastq.gz	PEAKS991152	95	0,0006968506223	0	0	0,001422736687	0,999825	1,129029	0,999825	5716,611111	1,591821	1	1	22	7	213834	45,0	474850	1
EXP991153	ZNF582	ZNF582_AffSeq_Lysate_BatchAATA_Cycle1_R1.fastq.gz;ZNF582_AffSeq_Lysate_BatchAATA_Cycle1_R2.fastq.gz	PEAKS991153	115	0,001809412044	0	0,0001085647227	0,004518360363	0,999724	1,176222	0,999745	4177	0,7857846	2	1	58	23	405376	22,4	1808972	0
EXP991154	ZNF582	ZNF582_AffSeq_Lysate_BatchAATA_Cycle2_R1.fastq.gz;ZNF582_AffSeq_Lysate_BatchAATA_Cycle2_R2.fastq.gz	PEAKS991154	100	0,003100483863	0	0,007798186687	0,00239582844	0,999811	2,534869	0,999811	5291,75	1,1414	46	1	18	12	43738	15,4	283786	1
EXP991155	ZNF582	ZNF582_AffSeq_Lysate_BatchAATA_Cycle3_R1.fastq.gz;ZNF582_AffSeq_Lysate_BatchAATA_Cycle3_R2.fastq.gz	PEAKS991155	100	0,004219593695	0,001966759773	0,01934179106	0,01002451497	0,998551	1,656081	0,998678	820,006601	0,8839042	752	11	306	69	525582	26,3	1999738	0
EXP991156	ZNF596	ZNF596_AffSeq_Lysate_BatchAATA_Cycle1_R1.fastq.gz;ZNF596_AffSeq_Lysate_BatchAATA_Cycle1_R2.fastq.gz	PEAKS991156	95	0,0006827352729	8,24E-05	0,000381390049	0,004006949774	0,999508	1,216999	0,999536	2295,548913	0,9523296	24	2	90	21	892004	17,6	5058386	0
EXP991157	ZNF596	ZNF596_AffSeq_Lysate_BatchAATA_Cycle2_R1.fastq.gz;ZNF596_AffSeq_Lysate_BatchAATA_Cycle2_R2.fastq.gz	PEAKS991157	95	0,005589331241	0,002059227299	0,007550500098	0,00416748382	0,999507	10,93696	0,999556	2532,25	1,129138	32	2	17	14	41926	20,1	208300	1
EXP991158	ZNF596	ZNF596_AffSeq_Lysate_BatchAATA_Cycle3_R1.fastq.gz;ZNF596_AffSeq_Lysate_BatchAATA_Cycle3_R2.fastq.gz	PEAKS991158	110	0,03752313902	0,02304797742	0,4529329651	0,04694564986	0,988515	8,432592	0,992893	190,694362	0,8312085	22466	37	484	137	137038	24,1	569184	1
EXP991159	ZNF677	ZNF677_AffSeq_IVT_BatchAATBA_Cycle1_R1.fastq.gz;ZNF677_AffSeq_IVT_BatchAATBA_Cycle1_R2.fastq.gz	PEAKS991159	80	3,35E-05	0	5,18E-05	0,002073450697	0,999612	1,201808	0,999612	2575,007874	1,167013	7	1	39	2	715848	42,6	1680192	0
EXP991160	ZNF677	ZNF677_AffSeq_IVT_BatchAATBA_Cycle2_R1.fastq.gz;ZNF677_AffSeq_IVT_BatchAATBA_Cycle2_R2.fastq.gz	PEAKS991160	95	0,000602024769	0	0,003980735207	0,0008846078239	0,999224	1,235181	0,999224	1287,190476	0,952393	313	1	16	7	382574	32,6	1173846	0
EXP991161	ZNF677	ZNF677_AffSeq_IVT_BatchAATBA_Cycle3_R1.fastq.gz;ZNF677_AffSeq_IVT_BatchAATBA_Cycle3_R2.fastq.gz	PEAKS991161	70	2,59E-05	0	2,07E-05	0,002331908278	0,999646	1,053674	0,999646	2824,073529	2,591206	2	1	23	2	407260	58,3	698474	1
EXP991162	ZNF708	ZNF708_AffSeq_Lysate_BatchAATA_Cycle1_R1.fastq.gz;ZNF708_AffSeq_Lysate_BatchAATA_Cycle1_R2.fastq.gz	PEAKS991162	100	0,0009748851028	7,86E-05	0,0002410430199	0,004994054272	0,999427	1,190131	0,999459	1932,065972	0,8773086	18	3	90	36	1219698	20,2	6035670	0
EXP991163	ZNF708	ZNF708_AffSeq_Lysate_BatchAATA_Cycle2_R1.fastq.gz;ZNF708_AffSeq_Lysate_BatchAATA_Cycle2_R2.fastq.gz	PEAKS991163	95	0,00231646646	0	0,001339054452	0,004134452796	0,999813	1,245014	0,999823	5978,235294	1,005006	47	1	51	22	210274	18,8	1116912	0
EXP991164	ZNF708	ZNF708_AffSeq_Lysate_BatchAATA_Cycle3_R1.fastq.gz;ZNF708_AffSeq_Lysate_BatchAATA_Cycle3_R2.fastq.gz	PEAKS991164	95	0,003965069625	0,0001888128393	0,02009283298	0,01194241208	0,998511	1,611119	0,998635	796,620253	1,019769	56	2	117	20	155156	22,6	685024	1
EXP991165	ZNF770	ZNF770_AffSeq_IVT_BatchAATBA_Cycle1_R1.fastq.gz;ZNF770_AffSeq_IVT_BatchAATBA_Cycle1_R2.fastq.gz	PEAKS991165	75	0,001686909582	0	0,001892630262	0,001777426681	0,999827	1,121902	0,999827	5764,285714	0,8863463	116	1	22	14	254718	48,0	530602	1
EXP991166	ZNF770	ZNF770_AffSeq_IVT_BatchAATBA_Cycle2_R1.fastq.gz;ZNF770_AffSeq_IVT_BatchAATBA_Cycle2_R2.fastq.gz	PEAKS991166	80	0,0004227168009	0	0,005479466531	0,0007503223216	0,999089	1,349186	0,999088	1095,947674	0,9543374	456	1	21	4	458500	33,0	1390752	0
EXP991167	ZNF770	ZNF770_AffSeq_IVT_BatchAATBA_Cycle3_R1.fastq.gz;ZNF770_AffSeq_IVT_BatchAATBA_Cycle3_R2.fastq.gz	PEAKS991167	75	9,19E-05	0	0	0,002466389399	0,999587	1,146314	0,999587	2421,588235	1,183691	1	1	26	3	442004	61,5	718968	1
EXP991168	ZNF770	ZNF770_AffSeq_Lysate_BatchAATA_Cycle1_R1.fastq.gz;ZNF770_AffSeq_Lysate_BatchAATA_Cycle1_R2.fastq.gz	PEAKS991168	100	0,0004676402141	0	0,0009407820778	0,004217931343	0,999384	1,202963	0,999421	1817,949664	0,9453005	23	1	85	24	1200064	22,7	5283774	0
EXP991169	ZNF770	ZNF770_AffSeq_Lysate_BatchAATA_Cycle2_R1.fastq.gz;ZNF770_AffSeq_Lysate_BatchAATA_Cycle2_R2.fastq.gz	PEAKS991169	105	0,005972086682	0,002161904717	0,01691702115	0,008152668762	0,998803	2,349796	0,998891	970,392694	1,132556	742	22	283	88	462046	29,3	1578618	0
EXP991170	ZNF770	ZNF770_AffSeq_Lysate_BatchAATA_Cycle3_R1.fastq.gz;ZNF770_AffSeq_Lysate_BatchAATA_Cycle3_R2.fastq.gz	PEAKS991170	95	0,03085754218	0,01739043626	0,06166516921	0,02926025756	0,99208	11,95089	0,993707	194,483168	1,071755	530	64	390	134	258416	31,7	815286	1
EXP991171	ZNF8	ZNF8_AffSeq_IVT_BatchAATBA_Cycle1_R1.fastq.gz;ZNF8_AffSeq_IVT_BatchAATBA_Cycle1_R2.fastq.gz	PEAKS991171	70	0,001534407772	0	0,001248690462	0,001978856919	0,999936	1,137236	0,999936	15688,83333	2,125955	60	1	19	13	195170	42,9	455018	1
EXP991172	ZNF8	ZNF8_AffSeq_IVT_BatchAATBA_Cycle2_R1.fastq.gz;ZNF8_AffSeq_IVT_BatchAATBA_Cycle2_R2.fastq.gz	PEAKS991172	70	0,001194921583	0	0,003681412819	0,001098273514	0,999428	1,424199	0,999454	1922,745763	1,473009	174	1	16	12	252498	28,4	888746	1
EXP991173	ZNF8	ZNF8_AffSeq_IVT_BatchAATBA_Cycle3_R1.fastq.gz;ZNF8_AffSeq_IVT_BatchAATBA_Cycle3_R2.fastq.gz	PEAKS991173	105	0,0006129879136	0	0,001752278581	0,001962799683	0,999291	1,114627	0,999465	1959,707317	1,514941	88	1	37	13	406864	56,7	717658	1
EXP991174	ZNF8	ZNF8_AffSeq_Lysate_BatchAATA_Cycle1_R1.fastq.gz;ZNF8_AffSeq_Lysate_BatchAATA_Cycle1_R2.fastq.gz	PEAKS991174	90	0,001220581128	0	0,0001119548685	0,005084389395	0,999648	1,196675	0,999659	3031,575	1,004184	7	1	81	31	768616	25,5	3014402	0
EXP991175	ZNF8	ZNF8_AffSeq_Lysate_BatchAATA_Cycle2_R1.fastq.gz;ZNF8_AffSeq_Lysate_BatchAATA_Cycle2_R2.fastq.gz	PEAKS991175	110	0,003307638315	0,001096334578	0,006199104298	0,006301594499	0,999156	1,494509	0,999246	1444,678733	0,8370927	369	16	183	65	700508	24,5	2862126	0
EXP991176	ZNF8	ZNF8_AffSeq_Lysate_BatchAATA_Cycle3_R1.fastq.gz;ZNF8_AffSeq_Lysate_BatchAATA_Cycle3_R2.fastq.gz	PEAKS991176	95	0,006285134838	0,002457978383	0,01405159885	0,008817880624	0,998442	2,09003	0,998756	991,70892	1,064708	305	20	177	67	447238	24,5	1828094	0
EXP991177	ZNF997	ZNF997_AffSeq_Lysate_BatchAATA_Cycle1_R1.fastq.gz;ZNF997_AffSeq_Lysate_BatchAATA_Cycle1_R2.fastq.gz	PEAKS991177	105	0,0009578747049	0	0,0003602626103	0,004327389707	0,99974	1,191647	0,999748	4113,807018	0,9874453	4	1	77	19	487838	25,7	1897390	0
EXP991178	ZNF997	ZNF997_AffSeq_Lysate_BatchAATA_Cycle2_R1.fastq.gz;ZNF997_AffSeq_Lysate_BatchAATA_Cycle2_R2.fastq.gz	PEAKS991178	90	0,002923097937	0,0001229340254	0,003496790056	0,005463734463	0,999835	1,363015	0,999835	6058,166667	1,067084	52	3	71	23	152030	27,4	555420	1
EXP991179	ZNF997	ZNF997_AffSeq_Lysate_BatchAATA_Cycle3_R1.fastq.gz;ZNF997_AffSeq_Lysate_BatchAATA_Cycle3_R2.fastq.gz	PEAKS991179	110	0,004161156459	0,0007410278626	0,019654339	0,01119522094	0,99852	1,498531	0,998633	776,1875	0,993015	114	5	129	30	222936	40,2	553966	1
EXP991180	CONTROL	AffinitySeqZero_Unselected_Concatenated_Read1.fastq.gz;AffinitySeqZero_Unselected_Concatenated_Read2.fastq.gz		95	CONTROL	CONTROL	CONTROL	CONTROL	0,995992	1,074524	0,996251	276,306579	0,9974532	CONTROL	CONTROL	CONTROL	CONTROL	16137394	28,6	56429174	0
EXP991181	CONTROL	beadOnlyControl_AffSeq_beadOnlyControl_BatchAATBA_Cycle1_R1.fastq.gz;beadOnlyControl_AffSeq_beadOnlyControl_BatchAATBA_Cycle1_R2.fastq.gz,beadOnlyControl_AffSeq_beadOnlyControl_BatchAATBA_Cycle2_R1.fastq.gz,beadOnlyControl_AffSeq_beadOnlyControl_BatchAATBA_Cycle2_R2.fastq.gz,beadOnlyControl_AffSeq_beadOnlyControl_BatchAATBA_Cycle3_R1.fastq.gz,beadOnlyControl_AffSeq_beadOnlyControl_BatchAATBA_Cycle3_R2.fastq.gz		70	CONTROL	CONTROL	CONTROL	CONTROL	0,999216	1,318541	0,999215	1272,723906	1,053096	CONTROL	CONTROL	CONTROL	CONTROL	838332	33,5	2504496	0
